place_id,user_ratings_total,rating
ChIJfZVjYSMPZ0gRlz9bNebwzsY,1081,4
ChIJcRZTRaMPZ0gReVX6xr51SQM,2439,4
ChIJaXKG84QOZ0gRseLQ4N5z0Kw,4462,3.5
ChIJNRjFeGwPZ0gRe6PJvNxDG88,157,4.6
ChIJ-V9iUYQOZ0gRD69tNxePlRI,2971,4.3
ChIJrXv99YQOZ0gRZbnyKrQnS80,4725,3.9
ChIJx8KiSgAPZ0gRGRXp2sUay_0,561,4.6
ChIJUyjpA5wOZ0gR3i_mXN2DRWw,1825,3.8
ChIJccnvWgAPZ0gR7fh8aJefUbg,29,4.8
ChIJ3f1_z4QOZ0gRHYSUg52nrGM,730,3.4
ChIJwUmurTkPZ0gRep1czgc57Nk,3262,4.5
ChIJ4dy5LYkPZ0gRE8625jTjHb0,2675,4.7
ChIJmTkfZWYMZ0gRRgM9A1Gupi4,101,4.1
ChIJQa0KpZ0OZ0gR6Z9PO8_vFr4,3017,4.2
ChIJvbquWZ0OZ0gRCtNt_XAUfxk,4846,4.4
ChIJRTws9-UPZ0gRu40GRWD4Xqk,516,4.4
ChIJi4K3_kANZ0gREEPb0Qhwfd4,266,4.3
ChIJqSpqySkPZ0gRW6jXEOEb4rc,737,4.3
ChIJs2dICSoMZ0gRCzVhHbrcffE,1483,4.6
ChIJjdAJLIMOZ0gR1o-iFkGhY60,5427,4.6
ChIJ1eUuDScPZ0gRLDQShOkN3WQ,512,4.3
ChIJRTOcRJ0OZ0gRpm_Z-Y8T35I,1199,3.6
ChIJXaQqXgAPZ0gRSXm6YAlh4T0,67,4.5
ChIJtWk8QoIOZ0gR1pG3pq-s9W8,2903,4.3
ChIJ1QjKWIwPZ0gRot5bfvF-pEM,115,4.5
ChIJ_YUOwlMPZ0gRM1e1Mwd07As,379,4.6
ChIJWQ7pOCAPZ0gR88QywRYIpGc,1288,4.8
ChIJpTRnMQAPZ0gRrG4zyNtu7oM,119,3.7
ChIJLfhfxoQOZ0gRHawcQS3Vz7g,2065,3.4
ChIJK9sQpKcPZ0gRfJOFxAWDu6Q,721,4.8
ChIJHZZ5Yy0NZ0gR__j5Lw5M7E0,279,4.3
ChIJ30JRnuoPZ0gRQwaxgclbvSE,957,4.5
ChIJtZaIb4IOZ0gRpRmRhCHZ-ak,538,4.2
ChIJYe3aRJ0OZ0gR-5Ur7e9pfgI,490,4.3
ChIJA3QWiS8PZ0gR92mJlUHemVs,1296,3.8
ChIJfST2Z4EOZ0gR-hU0-BaCmig,1067,4.5
ChIJNXVNOZ0OZ0gRq3pzagUYnHs,859,3.5
ChIJd779cAAPZ0gRYCue64Tr5cw,432,4.6
ChIJM0gV49UPZ0gRfMO6CZE8s_g,1649,4.5
ChIJ-256Kk0NZ0gRA18k-ex-7ZU,219,3.8
ChIJOV4W1I4OZ0gRzsMdEtpkmrI,1429,4.5
ChIJP4ly8ZwOZ0gRqtVSJsiCu_g,652,4.5
ChIJ5V8NFHUPZ0gRHNSo1Rt3IZc,1446,4.9
ChIJwer_UJ0OZ0gRs39CbfXQa-Q,4331,4.3
ChIJE-oWWnwOZ0gR8jG1Gm7Gtog,297,3.8
ChIJhfeWHpEPZ0gRfcbukL1EG3s,938,4.5
ChIJg5Q3ufYPZ0gRm9zFPD5ZzdM,267,4.1
ChIJd03z270OZ0gRIyBsVfkuR2c,1103,4.2
ChIJcTyevCcMZ0gROouz9s76Wso,2310,4.1
ChIJMXMvQGoPZ0gR9sVJUxME7vM,1188,4.3
ChIJYczaQt4PZ0gRsN10i1TxJk8,3528,4.5
ChIJs4-iHk8NZ0gR5K_eBuqTWTk,1144,4.5
ChIJ843vJLgPZ0gR9xxzq39SpPk,850,4.1
ChIJC9rB84QOZ0gR9EibnBGimWE,3202,4.1
ChIJpfSZqSkPZ0gRtBuRGdfoCXU,433,4.5
ChIJZ0xSNn0PZ0gRaRss9EOcxRM,46,4.7
ChIJL1qirIIOZ0gRfu-GDW4-n0Y,2063,4.5
ChIJw0bYFosPZ0gRh8xCA0NnyEc,835,4.6
ChIJs8k1O50OZ0gRK-vwLjs_a6E,1085,4.3
ChIJV_8uh-4PZ0gRQRzMzmih_p4,2910,4.2
ChIJW8bMkZwOZ0gRLxYZYCCTis8,1526,4.5
ChIJY-TXrrwOZ0gRu2KlWwCCrGk,4125,4.5
ChIJue4UXscPZ0gRdUALe4W_u18,742,4.6
ChIJ4W1Q4JwOZ0gRmQp-j5AKEbo,1533,4.1
ChIJvfttGuYPZ0gRjYS5mQGGIhE,1665,4.6
ChIJywfItpwOZ0gRHd1eVvzQpTc,1325,4.5
ChIJJxKxEoMOZ0gRDuy20Ny5jZA,810,3.7
ChIJy8B8XZsPZ0gRDfPzSo2YAK4,576,4.6
ChIJZyo62b8PZ0gRQlpNolqASA4,493,4.5
ChIJN-vMDx8NZ0gRkdErNplJmiw,148,4.5
ChIJi8hvVBIPZ0gRJof5FMJZi9M,2469,4.6
ChIJp7-CUIQOZ0gRUoxHdz2hUJg,147,3.4
ChIJh--jaa8PZ0gRW93wrFXQyUs,1780,4.5
ChIJtTzvr_8PZ0gR0VQNNL8bYEE,944,4.6
ChIJ1VHBvLMPZ0gRiHmxzmu96zQ,197,4.2
ChIJA-QfSXgPZ0gRHG01_Kr3n6A,331,4.7
ChIJRx8PFwUPZ0gRr44SawGEe2w,720,4.2
ChIJ-etyEK8NZ0gRPQ_GP31lFw0,263,4.3
ChIJBxT7noAOZ0gRsdHvnY3NjT8,188,4.2
ChIJT5O2U9kPZ0gR64Bwki8gFPY,361,3.7
ChIJO5k2s4cOZ0gRP52yC_v_1r4,170,4
ChIJW6fecH8NZ0gR6NSvIcYW0AE,999,4.4
ChIJU7s7ojUNZ0gRhPkXK7WojN8,12,4.3
ChIJr4Cn2JwOZ0gRfoQ6AmFgCEo,128,3.5
ChIJicEuVikMZ0gRA8dMc0eWQ68,940,4.5
ChIJA4j22sYOZ0gR-myDYRu8NFE,949,4.4
ChIJ992An9UNZ0gRTRDrApTRN1w,2744,4.4
ChIJD20TjQoPZ0gRXIKqOfsHGAo,359,4.1
ChIJB73ZWbAPZ0gR1mJ4NqOVZpU,1485,4.5
ChIJb9W7gi4MZ0gRbHfTwBGDMW8,828,3.7
ChIJ9ZqCCYIOZ0gRKyN08gQGPtY,262,4
ChIJTQw1gi0PZ0gRK8HVZ0r-RB4,321,4
ChIJj7Y0ZP0PZ0gRSD_CXNhOPK4,151,4.5
ChIJJWG0UUMPZ0gRodhW0V5VW08,227,4.5
ChIJ4Yb7bh0MZ0gRKUiypwnhPYk,284,4.1
ChIJt1qOCwAPZ0gRahyAbYvKKhw,52,4.4
ChIJf7cAm4IOZ0gRuS3jmXjiWz8,2864,4.6
ChIJO0lwCQAPZ0gRj7LGckPVXUc,272,4.4
ChIJo8A1M50OZ0gR62M6laBPHrw,1329,4.3
ChIJm5du_qkPZ0gRzMogF6Oyor4,435,4.5
ChIJx6WlI50OZ0gR6Eli4OM3-78,1670,4.3
ChIJ-dm1ZJsOZ0gRRSmTpqtFkkE,2386,4.2
ChIJ7VJM8oQOZ0gRw5wcMN1XENE,3495,3.9
ChIJOVGs-CcMZ0gR5EMUIg2Dlyc,1562,4.3
ChIJpxRpfQAPZ0gRjRXfgldTHFU,3996,4.8
ChIJ37-CAqAOZ0gRTeI8Q3bgrtQ,954,4.3
ChIJoY5QhXQPZ0gRex7-z809k34,447,4.4
ChIJmQLrjb0PZ0gRtPdwjMFbjsk,135,3.8
ChIJZ73aGZ4OZ0gRSABQFqyvqAk,699,4
ChIJ_Z3l6wMPZ0gReCUnW2eOXHo,16,4.6
ChIJ_5dPnKUNZ0gRA8wlWuwVWmA,118,3.8
ChIJeRzLvIQOZ0gRi1PVJmhdvTc,2083,4.5
ChIJpQbRiLcPZ0gRFIaPUnssdIU,307,4.5
ChIJFZRbY6MPZ0gRLZQB4EcKwG8,126,3.6
ChIJ21Xt_18OZ0gR04xMPZPrLV0,1817,4.6
ChIJyUZkH9YNZ0gR8bM8VuHb1HQ,204,3.6
ChIJDzq-doIOZ0gRqDaSGzMdqGA,1401,4
ChIJxa-BkMAOZ0gRmFrGQZgA7Cc,263,3.9
ChIJw7yz83QNZ0gRqGjFJZKnWNU,362,4.5
ChIJ7bcsQVMNZ0gRDMtpsBNHm1A,715,4.7
ChIJ3Qd9zHAPZ0gRHFL5xMiKi0Q,395,3.3
ChIJG-5b3ZsOZ0gRelL4mJ0ROiI,2968,4.4
ChIJFZsm758OZ0gRcGdjXYpOBRs,1813,4.4
ChIJjx5CaAoPZ0gRd2lUZFrend0,169,4.3
ChIJ02H13z4NZ0gRqoDDJW13vBk,195,4.8
ChIJCVT7bosPZ0gR52zIVlr6-vQ,304,4.3
ChIJVarpZbgNZ0gRo7k6OyGFpSA,152,4
ChIJwbOb3KwPZ0gRa78tB1JFEns,78,4.1
ChIJAWYKRc8PZ0gRSfghkE6Wxao,516,4.4
ChIJu8xt2m4PZ0gRg1KR85EVkd4,954,4
ChIJCSpqVSENZ0gRBfQ5PJgUL10,533,4.7
ChIJnbXIDSIMZ0gRIp4Cjykvv8c,1975,4.5
ChIJ7VTe3_sPZ0gRzVhs44ff7Ig,724,4.6
ChIJLWcqCPENZ0gR36tB0mxrKD8,339,4.5
ChIJBTrxuVYJZ0gRUkaZZF362wU,104,3.9
ChIJq6pnNYkOZ0gRIFoNVC1ei_o,1274,4.2
ChIJz_GM7KUOZ0gRKJNfxg5uios,1005,3.9
ChIJ63VMt5EOZ0gRlGO-wjdc7aI,1088,4.2
ChIJjWdqUK0PZ0gRp2unx_gXFOk,55,3.8
ChIJ1TImPqAPZ0gRUJPL00L1614,349,4.7
ChIJSfj1I4cPZ0gREGXr1mnRyNU,2617,4.1
ChIJ2bAxC4IOZ0gRQIhoorNME5o,900,4.4
ChIJhXU6CAANZ0gRIbDRRKr-XR0,676,4.3
ChIJzeeBPI8OZ0gRQ696vb_3d_A,1157,4.4
ChIJTxc8y2QOZ0gRVPYdqGVXZLI,2462,4.7
ChIJTUEea5wOZ0gRqQUO01ziNtE,1304,4.3
ChIJZ2RALIMOZ0gRv-16u6LugpY,2034,4.3
ChIJI1-tJQAPZ0gRQ4zLNjoQVZI,666,4.8
ChIJ4613K_gNZ0gR8pBOhAmPckc,565,4.3
ChIJwSV03eAPZ0gRSVBBQXMSUJI,557,4.7
ChIJYXiyLoQOZ0gRWpbfNReD6K8,1346,4.3
ChIJw4XlvmoMZ0gRGQcXN-CBy80,91,3.1
ChIJ4TrF7SMNZ0gRTQXVAM5vFDo,73,3.9
ChIJ8XtpTuYPZ0gRMvS4YzcWpx8,158,4.5
ChIJxYp672QPZ0gRllZOuZUcUvw,1122,4.6
ChIJ969dN4QOZ0gRL6CWk95jQ-s,484,4
ChIJg1Bez0APZ0gRR9JjRtKRWS0,638,4.4
ChIJ74xUB7oNZ0gRG_MRUKYaY0c,415,4.3
ChIJzTIQ0TENZ0gRN-_L1atDdOc,89,4.9
ChIJk7Wf84QPZ0gRPNUdoC7aRNU,35,4.3
ChIJTbeNJmAPZ0gRdOqgo2T9nmM,18,3.9
ChIJ_0B-8ZsOZ0gRaw56Nz6XUh8,937,4.2
ChIJYdlKHBAPZ0gRTDlWOBBaROI,648,4.6
ChIJT-3K6s0NZ0gRw4_2I79z_18,248,4.5
ChIJHdQJQCYPZ0gR3xQFK3hZQ5A,12,3.3
ChIJrxft_E4PZ0gRNel2aTf8_4A,134,4.3
ChIJ-W02KYQOZ0gRReFEYj4kpI0,135,4
ChIJ63Hd5YYOZ0gR9tTzRQ_fy5Y,2611,4.4
ChIJm9w4hNANZ0gR8azS99PPX9g,1754,4.4
ChIJ-X5DeP8PZ0gRFZGruADS54s,2855,4.2
ChIJW0qfmWgPZ0gRbS2V0We8Hv8,279,4.6
ChIJEzjjE3gOZ0gR1auHlsitmFQ,189,3.6
ChIJ0ZTtgdgPZ0gRpxUa4Icu0eA,289,4.1
ChIJITOtSwAPZ0gR7AodfdFZXIs,50,4
ChIJxR5wtMwPZ0gR8Xrlh9drTPY,141,4.1
ChIJUcAzNMMPZ0gRCVe4ICwIDuY,218,4.6
ChIJ1elcqs8NZ0gRlAWmED3-Z1s,273,4.3
ChIJr6dSncAPZ0gRcPFcbgVW8nU,399,4.4
ChIJe1T-580NZ0gR1qkP8ew7KhQ,202,3.9
ChIJ9w60yqoPZ0gRPVC9KtEWHqY,2362,4.6
ChIJRelUNpwOZ0gR4TBZ01H2wjU,536,4.2
ChIJpwi-UKENZ0gRCGMItvfvAoE,75,4.7
ChIJpSu8nGAOZ0gRSRvKgMOAbzo,249,3.6
ChIJ42xZnKAOZ0gRKibHfoA3Stk,82,2.4
ChIJRyJAU4YOZ0gRcbfuyNZ4v7M,444,4.3
ChIJMZ0-mfMPZ0gR_w1dg6TCl6o,1363,4.5
ChIJ6wpYGtgNZ0gRxrcdQ31l7qM,134,3.9
ChIJhb4yyhcNZ0gRBCvsLGfV3Oo,94,4.2
ChIJs4hmVToPZ0gRDwb4f-OghJ0,119,2.8
ChIJGeCYgQcPZ0gR_x_yolT9odM,79,3.7
ChIJ50xlHaEOZ0gR8RIzcNCz2Q8,808,4.6
ChIJi6xGXAANZ0gRIdZGNLqJhTw,9,1
ChIJb0fg0OwJZ0gRtAFFCSSRXQY,43,4.5
ChIJP6_mkTIMZ0gRIaRm3tc-0pU,684,4.6
ChIJm_SYMp0NZ0gRpsHw3jsfWsA,404,4.5
ChIJVzGjvt0PZ0gR6TEZHtas74A,265,4.7
ChIJT6J4MSIPZ0gRVJUCr5G6TUs,925,4.4
ChIJ4cljHKkPZ0gROo47wkV1NVQ,96,4.8
ChIJk0c2bzYMZ0gRZYWoJJy2tWc,132,3.7
ChIJQT_v7XoPZ0gRxf_ZYI88Jow,413,4.6
ChIJ5-flOdwNZ0gRpM05zg9cr2w,747,4.6
ChIJ8TnNYZwOZ0gRix3vKQ2vacY,1781,4.4
ChIJYUaj-VMNZ0gRO6ir3oQMcNo,688,4.5
ChIJA1dp3IUNZ0gRiddvKCSU8tQ,96,4.7
ChIJgQ4icKAOZ0gRDgjyXwQrjRQ,807,4.7
ChIJH0SvAFkMZ0gRZhdOILmBkbM,247,4.4
ChIJCdymf68PZ0gRn1JyaCYRUcc,308,4.5
ChIJYUjiG34OZ0gRwOKOV1Pfb0E,381,4.3
ChIJBcjAcvsNZ0gRQUSBJh2-wrk,125,4.6
ChIJy8x0plMNZ0gR2xya3MgmnqI,435,4.1
ChIJkw9kYPkNZ0gRNKPoiutsV9k,200,4.1
ChIJMX4OWwANZ0gRWCS3xRd5uhA,218,4.5
ChIJnQZz4IoPZ0gR1gaZGzDmaRU,8517,4.8
ChIJ8wI8Ef8NZ0gRibnjo4Wbj2s,448,4.4
ChIJl7rO-8UPZ0gR9rN8mRNq-TM,664,4.4
ChIJ3yB03IIPZ0gRTch7rrjRR4o,33,4.8
ChIJdS86sUYNZ0gRqyLWBp4nXd8,8,3.5
ChIJ9WuBIcMJZ0gRiybl0zJSFCk,1,5
ChIJASShCH4OZ0gRSbpY0G6Dr3A,232,4.3
ChIJw1sI5dUNZ0gRkfeyHqLJW8s,174,3.8
ChIJS3W__pcNZ0gRpgj6bQsbPjM,396,4.6
ChIJfUC7s-QPZ0gRnvkOlkKNBrU,172,4.8
ChIJCycOu2sOZ0gReLPAdi1Pt-0,749,4.4
ChIJyZMjyo4OZ0gRvdzeWdftFH8,198,3.8
ChIJH4Gy46APZ0gRaxNrFKWqrA4,1164,4.8
ChIJXTqvOwIMZ0gRnZX4geAhRVE,372,4.5
ChIJbVh4zJAPZ0gR2EA8G7deIHU,68,2.3
ChIJZctAOwANZ0gRGlcorBCU91M,402,4.5
ChIJq6r6HwMMZ0gRNn8WPsB-L0c,557,4.6
ChIJOaHLC0kNZ0gRs1XPHyYDrew,754,4.6
ChIJj8V8ixgMZ0gR77vLmr0ZE3A,208,3.8
ChIJtbgr-yYPZ0gRSwPsKUAsDiY,99,4.3
ChIJhRkk34IOZ0gRpvt2yIVIr9Q,1776,4.4
ChIJj859AF8OZ0gRJJtG6Qm8-AU,213,4
ChIJ__xdW1wOZ0gRl0kzXTNyzVg,310,3.9
ChIJ_5xOSZ4PZ0gRib-dAdg8JV0,572,4.5
ChIJ8RNWjdwNZ0gR0P0MiketL-4,450,4.8
ChIJoxQHotkPZ0gRDI0z1C1MhLo,93,3.2
ChIJfQkG-msPZ0gRR2LQqETorG8,248,4.3
ChIJca5uuJMPZ0gR-R5sr64bxSg,9,4
ChIJxcrNpZsOZ0gRW7zR3vTvNP0,325,4.5
ChIJvy09L5YOZ0gRY6UO1WVPulo,1609,4.5
ChIJLUoAFQANZ0gRpvjcjpEbmpM,75,4.8
ChIJIcAX75IPZ0gRLmgBljC5-UM,705,4.7
ChIJG70Qt64PZ0gR0Vko6KUDrUA,173,4.8
ChIJlWtmZwAPZ0gRDS3emKMUY3M,256,4.5
ChIJSQIP1gwJZ0gR32pqyj0oYQ4,460,4.5
ChIJuXZqZ4YOZ0gR0wc87d26J8Q,2029,4.5
ChIJ2Q2Nv6cNZ0gRdiaHFtsiM9I,112,4.1
ChIJwTwNT3oPZ0gRdrFrUdFdoQI,138,4.9
ChIJ2XqHdSIMZ0gRrOZf-0xhCzg,53,4.4
ChIJB-MDRQALZ0gRPYj6tVmPDzY,73,4.9
ChIJCaNNGngOZ0gRnprYPa46aEA,100,3.6
ChIJ92ESGwAPZ0gRLegP4mkKCGM,25,4.1
ChIJS1QuGuINZ0gRIOIe9JW9HtM,109,3.3
ChIJzTgyXuoOZ0gRQNBGY3SS4BU,2435,4.6
ChIJC76lL60NZ0gRNIEMUvK4_jc,880,4.3
ChIJvacR37APZ0gRZfvBb-Yd_U8,245,4.7
ChIJj1D7KgAPZ0gRMxD8ajNYQ9U,184,4.4
ChIJSx3WipwOZ0gRYe6PRsvgx6w,787,3.7
ChIJfSsveNgPZ0gRAq2tzz0s1bw,656,4.7
ChIJ_5gHe6AOZ0gRxgiDcDsU5BM,977,4.6
ChIJRaPGZa4PZ0gR7u3Nd5vw1J4,378,4.6
ChIJKdWY0-UPZ0gRNkXE7j2QMjM,776,4.2
ChIJcyD28twNZ0gR2piqUcxSZIQ,1926,4.7
ChIJ4xKRBMQOZ0gRylN6SYgFmJo,696,4.5
ChIJBxEF-EEPZ0gRZEBBUT5j0U8,1039,4.7
ChIJPw-eM00NZ0gRm3PITkPst44,231,4.4
ChIJBZMyNEgNZ0gRPbA3GHw-93A,731,4.5
ChIJMUVwdQAPZ0gRCAJF6mDC7fs,69,4.4
ChIJya1pGgAJZ0gRQJ8AZkSZg0o,1,1
ChIJmZuQhLEPZ0gRl60zjJQ4KMg,1032,4.8
ChIJB8EqJ_UNZ0gRGu4843-7luE,423,4.4
ChIJO5VHJAANZ0gR_qPJ0Cgac9w,41,4.6
ChIJCeE_DEANZ0gRbqH28FAL4o4,205,3.6
ChIJRS5lnioPZ0gRdxp0s7NC8M8,166,4.8
ChIJIWrkRLIPZ0gR401vf3mP7l8,12,3.6
ChIJlT5xnp8NZ0gR_kcpcts7Xqw,64,4.2
ChIJNQaucdgNZ0gRtr9vXyq2mHU,363,4.8
ChIJTYWdzZ8OZ0gRL8BlfYBz16M,1753,4.6
ChIJv4mVO0MPZ0gRjWIiyb_KSsI,116,4.4
ChIJ4Zg6bZkPZ0gRzdl81Psucck,475,4.4
ChIJBaApONoPZ0gRLqI_oyIMRcA,890,4.6
ChIJRUxyw70OZ0gRTMxcc33igmE,866,4.3
ChIJ0yfZ2I4OZ0gR7fNEJrUe0-0,858,4.5
ChIJez4ajSQPZ0gR-nwV4LX3H2c,740,4.4
ChIJuSpu8KkPZ0gRqcSWQCOQtO8,49,4
ChIJ0RpDFHgOZ0gR-lGN2bOKSls,117,3.4
ChIJJZY6EeIPZ0gR7Rib5mpzcCg,104,4.4
ChIJxz0noLQPZ0gR6-ghK9TBvSU,316,4.4
ChIJCcYUHSEPZ0gR3H4hxqGpSqI,168,4.6
ChIJpZYZ4F0OZ0gR2nESzri48io,108,3.6
ChIJ75rI3r0OZ0gRCtVD-9V4Gv8,1827,4.6
ChIJl85wlJcNZ0gRYmuXi1f2O_0,59,4.6
ChIJw4tuSYMOZ0gRIyu4c0oHjX4,280,4.4
ChIJudnh0yENZ0gRTI7TYY9BrgQ,371,4.8
ChIJD94kql8OZ0gRHyBWkaMj78k,308,4.5
ChIJJ_GChgsPZ0gRAYaghnn0PwY,2046,4.4
ChIJwbH_l6kJZ0gRCef5zCHTOoI,158,4
ChIJ4e3T_YwOZ0gRG847Xnaiap0,1680,4
ChIJBSB3dKAOZ0gR5PXzPi7iHxg,1984,4.4
ChIJr6h723QPZ0gRSjavWixgenA,3072,4.2
ChIJh7aqsocOZ0gRKTqC15csf3Y,555,4.4
ChIJw1UZz6UOZ0gRcRGLLnFeajk,136,4.7
ChIJEdQbplsPZ0gRjDxUvwJKrvs,476,4.5
ChIJEX-Q4l4NZ0gRw6gZZmmDe4c,242,4.8
ChIJRxEZJiIMZ0gRA0p2cwqxSHk,351,3.5
ChIJU-wTe28OZ0gRoHgIkBAc7cA,194,4.2
ChIJIyVHWo8NZ0gRd2AXxDSnOT8,41,4.7
ChIJw0B_s7cOZ0gR-psFBsrYsvA,470,3.8
ChIJN2tjpooPZ0gRnUiQFNRspXw,136,4.9
ChIJWX2RAWAOZ0gR9XmdZskEo9Q,767,4.6
ChIJfTBwfEQOZ0gRCorvrLaHaAk,130,4
ChIJ_QL6cwANZ0gRSeyHmA7JYGI,343,4.8
ChIJe0G8co0OZ0gRxf715xh7VN8,1338,4
ChIJSVZoJNEPZ0gRHeAGaN6TZlA,251,4.8
ChIJhUenEJwJZ0gRj8UKEifhiFQ,18,3.9
ChIJneme09gNZ0gR-JQU69I8Ksk,379,4.1
ChIJ1U31lMYOZ0gRL-FPr1gwm-Y,997,4.3
ChIJxcjQ95MOZ0gRqzdjufL7vwI,1140,4.5
ChIJ40O1eIMOZ0gRjDej1H9r50o,2249,4.2
ChIJ-Uzl0JYNZ0gRt3CrF8K_YtA,39,4.8
ChIJ5bcYUXwOZ0gRNHrK4P68hmU,636,4.3
ChIJj38h6aUOZ0gR0EVMOuhtPdc,122,4.3
ChIJlQdgcJEJZ0gRC-Y3sl1p698,121,4.4
ChIJXXFEUGkOZ0gR5WsrJWcIrNc,340,4.2
ChIJWQO9y5wOZ0gRDUWJDEpAPoE,2015,4.6
ChIJ_Qba2ZwOZ0gR0x_AEbhQUr4,414,3.8
ChIJa4Y4WyIPZ0gRNahnyCEDSoE,157,4.7
ChIJmwT4rpwOZ0gRODNIA5Wrng8,3263,4.5
ChIJYf5MZokPZ0gR98s5sJ9hwLY,156,4.8
ChIJAejEt8cPZ0gRbn5qRXWByqo,102,4.4
ChIJLS-JwcMPZ0gRyhLX3dZV4Dk,40,4.3
ChIJBUlTFGQNZ0gRU_nh9HA4Mk0,26,4.6
ChIJFWWY5YwOZ0gR1R9uA9-D-oA,1592,4.5
ChIJjbW_WXUMZ0gRM1qTkwloir4,244,3.7
ChIJw1zhLlcNZ0gRqBz4_gMdajM,530,3.8
ChIJ__MgTGkOZ0gROuaM_U3IDpw,811,4.3
ChIJ9Ye_2CsPZ0gRqZ8_WFGCL8E,235,2.8
ChIJC9CvcEUNZ0gRRzoICeKtt6A,18,4.3
ChIJTeqDU6UPZ0gRQ_zGWrewO-w,61,4.9
ChIJz9JEWYEOZ0gRayyKaCxIkGQ,39,2.7
ChIJq-QRDCsNZ0gRVGvU0JEzWKI,58,4.2
ChIJy51UCjgPZ0gR7c-TxLcxpA8,605,4.6
ChIJ30WNP3UNZ0gRSFLhjK_x214,17,3.8
ChIJCXWbz2QOZ0gR11aajvkPqxo,1064,4.4
ChIJMd2SVo8OZ0gRPOy87KBCGTQ,500,3.9
ChIJ7RYRBu8NZ0gR454AM6Q3jkY,78,3.5
ChIJc4I-UBUNZ0gRtjg0ezLjh-8,93,4.2
ChIJ33AqbncPZ0gRJPEcwvUPLOM,233,4.9
ChIJfQhlmxgMZ0gRaq6ra7D-25E,523,3.6
ChIJvw-S25wOZ0gRAwqvUpozDik,4214,4.5
ChIJLzxHTYYOZ0gRdx_6zjuCnes,1144,4.2
ChIJe7DNdI0OZ0gR877GyIDDlXw,1028,4.3
ChIJS-QP5Z8OZ0gRNeLM-2yXaGA,2523,4.3
ChIJA-qVps4PZ0gRr8EsLQoxJ-4,2,5
ChIJVVVRxL0OZ0gRhcaTCx1Onko,751,4.8
ChIJNcJNRWkOZ0gRVHN6psdyX1c,249,4.4
ChIJmVw5-GcNZ0gRQCyKtOhE-j8,91,4
ChIJo-AK0Z8OZ0gRPRsrzYcwgiU,2348,4.3
ChIJo49C3lsOZ0gRY7-sFRfNWXM,383,4.3
ChIJlbjHFrQNZ0gRwXQy7VjWERU,80,4.2
ChIJK6-ZudoPZ0gRpO-8ZLNqMao,529,4.5
ChIJDbZY2a4NZ0gRwHP2p-vMpSo,76,4.6
ChIJQQRyylwLZ0gRQW6kROdJwS0,26,4.4
ChIJe6OozsYOZ0gRFo8B5s4ld_g,276,4.8
ChIJTyyLUGgPZ0gRklwb1G2hID0,282,4.3
ChIJWeIccAAPZ0gRCh2RHOW8vHQ,180,4.6
ChIJ9-bPjh0MZ0gRkDOA8ZHpyn0,196,3.8
ChIJ2YGzdKAOZ0gRTmbon_B4nlo,780,4.2
ChIJVTB_DAANZ0gROmf0irEVH0Y,103,4.8
ChIJtQohPLUJZ0gRWRjA1aR8JHw,152,4
ChIJBR4Vw4UOZ0gRxUFHOMpSVss,572,4
ChIJjbY11xcNZ0gRcQQrTque8VU,26,4.6
ChIJ1Q9VLgAPZ0gRMsjRP53iVFc,2,4.5
ChIJMRsH61INZ0gRLRMhj7iN3CA,442,4.6
ChIJodr_3T8MZ0gR_hK-b0jX73E,474,3.8
ChIJG_mYgLoPZ0gRh8hLnN1Fm9U,47,4.2
ChIJGVdv6K8NZ0gRNZz7Bb70nuA,50,4.5
ChIJE7I4yoIOZ0gRMST5XljG4p4,1874,4.3
ChIJDSkyvt0PZ0gRMo_aTentl90,92,4.8
ChIJpclVMzQPZ0gRGIt7FnSWzkY,476,4.8
ChIJNx9jcJsOZ0gRRHRing65xQc,1931,4.3
ChIJzTyUHAAPZ0gRUcZZqFZELUA,91,4.8
ChIJLUem-P4JZ0gRnaRvWK_Zhis,147,4.7
ChIJQ-vndSIMZ0gR2TqGniIe2d0,129,4.1
ChIJ95HY4wIMZ0gRiRs0B-7MRXg,952,4.4
ChIJr8WnbR0MZ0gRHSDNOuGgS_I,202,4
ChIJh-0ZMdYPZ0gREUjmihRi8fY,29,4
ChIJ6QROuwsPZ0gR8sjzAeJy1a0,79,4.8
ChIJ-Q4s2G8PZ0gRvHFuWPVHsW4,27,3.1
ChIJ__98xL0OZ0gR_rfX8jtohoY,241,4.8
ChIJ4d-vFfYLZ0gRjb7Ul4ai2d4,655,4.6
ChIJCZRAEJ4OZ0gRSNLmgQhXx7Y,1058,4.5
ChIJc6-5k3IMZ0gRmJV9fsoID-g,751,4.5
ChIJb0P3660NZ0gRGV2Kr8yXrgo,38,4.8
ChIJA-Suj0kLZ0gRIprLBQflDp8,1702,4.3
ChIJIe6KX7QNZ0gRoouh44HPn-Q,2006,4.5
ChIJ5SSKF28OZ0gRwFzxZdVgaHo,2303,4.2
ChIJG4VdAkEMZ0gR6Vqg2412-ik,223,3.6
ChIJ-eKzBxkMZ0gRNzTCSdb_tvE,955,4.4
ChIJu86yfW8OZ0gRrdvFj1OUe3c,970,4.6
ChIJ8V_hDZ8PZ0gRpL4bloj5bzk,4,3.8
ChIJB13Df8MPZ0gR0T8x5edDb64,10,2.6
ChIJISN-vpMNZ0gRVz4jBISNO6k,1,5
ChIJGyXef5sOZ0gRaQqNm2XRIwI,1319,4.4
ChIJYfsE7_kOZ0gR80PWLV_5FuU,187,4.2
ChIJoctQmqAOZ0gRoE_PyceA5-Y,172,3.4
ChIJh7OPGuYOZ0gRYpWWAZKvFag,1206,4.3
ChIJSdr_I1AJZ0gRQl1RR7eecAg,332,4.7
ChIJRwZ1kYQOZ0gRLSjWLB3-_yQ,983,3.7
ChIJqaons8APZ0gRqCUyvNl9XfI,4,2.5
ChIJsZn2s20MZ0gRER3A4APr4iY,186,3.9
ChIJz3Fo3YkOZ0gR0CriVylw99A,86,3.8
ChIJ7Q3wd4wPZ0gRO5yfIydD59g,224,4.3
ChIJu5q5OgwNZ0gRYRCw3Xcg2mU,35,3.5
ChIJI10nBYAPZ0gRDMAVdDkmkts,9,4.9
ChIJfdCAioQOZ0gRPVqE-M4E_jk,2036,4.4
ChIJRRpVpnQNZ0gRoRYC7n4aI5E,449,4.5
ChIJqf2cAVkMZ0gRcXRuvb2K-Kk,294,3.6
ChIJM6-prNoPZ0gRRa0mshmFlOY,2,5
ChIJregSnhgMZ0gRdrMxgY02BXw,1088,4.2
ChIJ6bYth_wPZ0gRKVR06pIXHms,172,4.6
ChIJ4TYL2L8LZ0gR6-O2JYGIchQ,16,4
ChIJ7TThZlgLZ0gRZ8NO6mKvw9Q,63,4.9
ChIJz2tWtwsPZ0gR_zX4LIG9NjQ,16,3.3
ChIJy7De8FMPZ0gRthpE7TMIdLY,313,4.6
ChIJtS6ySuANZ0gR-Yh_ppv3KGw,794,4.6
ChIJ5f5D3JcNZ0gRenFKPKnR-1w,22,4.3
ChIJMy18RAAPZ0gRagPYKVc70sI,238,4.7
ChIJ7Uj1rnQPZ0gRE8feAPaZwLM,113,4.9
ChIJaQtEO6wTZ0gRcYhKmfY2XiU,14,4.4
ChIJ4UN-giAMZ0gRj4dKCGA-EWg,527,4.4
ChIJZ3U9t6N1Z0gRkMRJZ_Bdftk,126,3.3
ChIJmcbPD50PZ0gRXeoARi2rQug,11,3.7
ChIJh4_daQoSZ0gRUMQt6Ml6pa4,160,4.3
ChIJMzzY6xoJZ0gRrt6zlHrrdek,218,4.7
ChIJ34lr6J4PZ0gR-hW-hnDjtfE,45,4.3
ChIJvZ39010PZ0gR5E32dOsMv6k,211,4.3
ChIJ4cizCX4OZ0gR7J3p_0yRhHw,1392,4.3
ChIJlwCoqwcMZ0gRSZAOgts4yVI,174,3.9
ChIJ6b3IbggNZ0gRBLybGTUiBRA,186,4.5
ChIJAWPYwLQPZ0gR_WTDdiO5M7I,321,4.3
ChIJCZUhpWYNZ0gRQ1YJq4umCjc,144,4.8
ChIJ_3mCDAAPZ0gR7lB3hjG5wlA,21,3.4
ChIJNZTgr9cHZ0gRaxzSan8AU1s,376,4.6
ChIJIzqJnKAOZ0gRA_JDxYhE5lw,111,3.4
ChIJ40J6tIcOZ0gRgxM_un3W8LA,1327,4.1
ChIJuesGeE1tZ0gR02aQIhVBFUs,905,4.5
ChIJF9TzVikPZ0gREFqsoQlgJ_Y,256,4.1
ChIJuaIqxB9zZ0gRhrWYFztjiWM,351,4.2
ChIJ57O6Sm4MZ0gRvLN2r1AR5Eg,114,4.1
ChIJPan8auMLZ0gRBQoDogTwWYI,87,3.7
ChIJ7xcXkRR1Z0gRCSwoDYjHajw,960,4.3
ChIJbUB6Xi4JZ0gRFrh7kWqCJeo,76,3.5
ChIJe7T6sM0RZ0gRhrsG5rs5gZ8,176,4.7
ChIJIf-P7I4MZ0gRpUHodRqEqp0,359,4.3
ChIJqX6mWsgRZ0gRY0lYMsgYleI,293,4.3
ChIJ2xX_6X51Z0gRdQc7JwFv13I,772,4
ChIJp_PoaGIRZ0gRxG727LrMLmc,139,4.2
ChIJ2VNMZVUNZ0gR4dXly-LS-8E,1413,4.2
ChIJ_dzOHAAPZ0gRYO2dbiu0aUw,195,4.2
ChIJ40uxQR0MZ0gRRSocEqhLdNc,3223,4.7
ChIJccBlEjkJZ0gR7cKI5ZG-Usc,228,4.2
ChIJQ9jXevUPZ0gRVOcpMSTCCJ4,725,4.8
ChIJQ3N3W8xzZ0gRc6-TnBm-N_o,74,3.5
ChIJ_bSCTK5yZ0gRPxwyGh1MDR8,12,3.7
ChIJMwe6yo4OZ0gRRuHcOKdHe20,309,4.6
ChIJC3plwFINZ0gRx5_wJUzKDH0,136,4.1
ChIJicEGycgNZ0gRQosvZv31io4,230,4.8
ChIJx6_mBkFzZ0gROAqdaWQlg7E,21,4.3
ChIJ8yQm8_ZzZ0gR0YzlOMiRUmc,74,4.3
ChIJaSJWo69yZ0gREpNuBwxtWu4,110,4.2
ChIJTcIF_a5yZ0gRXWnJQ5PFb84,178,4.1
ChIJj4hBfgATZ0gRrQP_pUi7T2c,178,4.2
ChIJG_Ovy4IOZ0gRALNL9f61cS4,1411,4.4
ChIJOQrLTYMOZ0gRzAH4d6kPTGo,4323,4.3
ChIJ1T9UBJwOZ0gRxGJHzJMaZeI,2913,4
ChIJdYmqbcgPZ0gRqgZxZzv4Tsw,176,3.5
ChIJZcorut0OZ0gRWiogA817eZ8,416,4.3
ChIJr7dHYB8JZ0gRubsd_wzU6rk,92,4.6
ChIJT0P2tt4OZ0gRJeRVDnDYYZU,1730,4.5
ChIJeahptt4OZ0gRUPaA20n7Ae8,241,4.2
ChIJ-Q2jLl4JZ0gRuo4D8r2TrsQ,48,4
ChIJ91yuprwLZ0gRofRlr_PdiBU,235,4
ChIJp6vu9FAOZ0gRca3HjAO_Uso,907,3.9
ChIJYRavmnMJZ0gRkvXcQeFKewc,1104,4
ChIJfzjPu1gJZ0gRE0m5fXZyfWk,493,4.5
ChIJlRrt-O0PZ0gREuzp3laTeq4,323,4.5
ChIJT9lFAOAJZ0gRdOPchfscRpE,294,4.3
ChIJ2WHZaxQJZ0gR6UyZiecw8Gk,860,4.7
ChIJfQoUSYMOZ0gRotOXY3FpFgI,374,4.5
ChIJd_BJCQAJZ0gRcPYYMuhrtAE,519,4.8
ChIJe5PLTa0FZ0gRYi-7Mo1YdaI,309,4.6
ChIJ-RAW6OQNZ0gRNBebVDWQWug,295,3.3
ChIJeYF0-gsJZ0gRIISKhzboG1A,1049,4.5
ChIJ6TjvqA4JZ0gR_YWuRnmWZu4,592,4
ChIJE1Dy3kAFZ0gR-CnyVAbI8fw,414,4
ChIJLcuid34JZ0gRULltIjyGKVQ,908,4.1
ChIJAUz-0ewFZ0gRNsNPEOjikDo,301,4.5
ChIJ7wnp_RhzZ0gRsBsHD7fyDDw,780,3.7
ChIJ3U2ftA8OZ0gRR_JMvN94M7U,345,4.3
ChIJu3lb4fUHZ0gR_dWpx6Ves1U,362,4.3
ChIJEfrJrZB1Z0gREprCLC414fY,172,4.8
ChIJxQW2cwAHZ0gRsjyEo-hvCXs,55,3.7
ChIJBQYTVusIZ0gR_Nly6xzdoY0,156,3.6
ChIJ6WpENLUPZ0gRS6ZNbzbWj5o,52,4.7
ChIJ-VmClXYHZ0gRLg-XGMi_ktg,510,4.7
ChIJcfnEvEVtZ0gRhOUiznoW4rk,546,4.4
ChIJ69tedxgJZ0gRVW6O9DAyVeA,280,4.5
ChIJr6L1G0YJZ0gRQaqFlxRZ5hQ,182,4.3
ChIJJU9vTgAPZ0gRApA3TrFpgVc,76,4.6
ChIJvYv8GaAOZ0gRjIFeAexZqJc,377,4.3
ChIJB1cz7cEPZ0gRmKGatVjrEPY,1194,4.6
ChIJaaCu1O0bZ0gRXCmy74CI2VM,464,4.5
ChIJW1LNNpwOZ0gRw9H0IhZrk5s,2084,4.4
ChIJT8qbYAAPZ0gRLWw4Vp64rQQ,159,4.2
ChIJR56jRFoNZ0gRP4xbxb-uE-k,1025,4.8
ChIJ7aSDeTQPZ0gRt2_eGpvP06o,59,4.5
ChIJ7ZIqVQAHZ0gROcoFSK25sys,38,3.9
ChIJPR5nTW8JZ0gRSnOrbm98X-4,211,4.4
ChIJ0zdnzCAPZ0gRqMwYkzIm_b0,164,4.1
ChIJaYKAEPULZ0gR2CauY--zwp8,795,4.4
ChIJLxh6lJoPZ0gRu0h4_DTTEes,72,4.7
ChIJ4dMkOigPZ0gRG9-2YY8OmAo,553,4.8
ChIJgfoZR-0LZ0gRlk9XpPuGH-g,1155,4.1
ChIJlwlv4IMOZ0gRsaoL3KIeY1s,299,4.1
ChIJM53DN5wOZ0gRLwe1FRWl1Fg,1727,4.3
ChIJge0Hu40OZ0gRQWQuuoMB0t4,1044,4.2
ChIJ89K4254IZ0gRcHO2nOF53EM,877,4.2
ChIJDTtAm5EOZ0gRXUNPYRM3MJ4,443,4.2
ChIJbWVlipMJZ0gRha8Pan6gD24,124,4.8
ChIJD3AHvJsOZ0gRgGSmU4UYJt4,2439,4.1
ChIJlxiTAa4NZ0gRG5iz7G-2L0s,70,4.3
ChIJCwHJKKkOZ0gRdG0Z1OmW-JI,86,4.7
ChIJm_2pQgFzZ0gRRMrMciEREN4,52,4.5
ChIJE2myDRoJZ0gRQbjvEo7V-tM,100,4.9
ChIJkeSG4oIOZ0gR_wPxNdF0ynM,1396,4.7
ChIJ_dDlAIl0Z0gRiL-nEO8Xels,255,4.6
ChIJTVQtKZ4OZ0gRu7Pi8eaKYqQ,684,4.5
ChIJe9jxMagPZ0gRDcFKdyrLkJo,1841,4.8
ChIJFXcqpJEOZ0gRYu0Hh_zT4AQ,446,4.4
ChIJuY7UtoBtZ0gRDkaJQq782GU,371,4.3
ChIJ5Q3BCSwNZ0gR3WlYV0gv3X4,175,4.5
ChIJa1jqaJoOZ0gRnXL5bRWOWMY,339,4.1
ChIJm3wSOCwPZ0gRx6s1rz5oYig,166,3.9
ChIJ2Wq2A00PZ0gRGt7SKDO6syU,44,2.8
ChIJL_5TYF0PZ0gRdZvtt6xfmCQ,200,4.8
ChIJ31lATYUOZ0gRhO0SRpEYV4Q,156,4.4