place_id,lng,lat
ChIJfZVjYSMPZ0gRlz9bNebwzsY,-6.2584746,53.3502518
ChIJcRZTRaMPZ0gReVX6xr51SQM,-6.2597141,53.3410335
ChIJaXKG84QOZ0gRseLQ4N5z0Kw,-6.2598215,53.3478755
ChIJNRjFeGwPZ0gRe6PJvNxDG88,-6.2439637,53.3477093
ChIJ-V9iUYQOZ0gRD69tNxePlRI,-6.2590977,53.3486394
ChIJrXv99YQOZ0gRZbnyKrQnS80,-6.2600012,53.348171
ChIJx8KiSgAPZ0gRGRXp2sUay_0,-6.2659891,53.34429
ChIJUyjpA5wOZ0gR3i_mXN2DRWw,-6.2605084,53.3408266
ChIJccnvWgAPZ0gR7fh8aJefUbg,-6.2645358,53.3512838
ChIJ3f1_z4QOZ0gRHYSUg52nrGM,-6.2588603,53.3462405
ChIJwUmurTkPZ0gRep1czgc57Nk,-6.2636092,53.3440743
ChIJ4dy5LYkPZ0gRE8625jTjHb0,-6.2654873,53.347275
ChIJmTkfZWYMZ0gRRgM9A1Gupi4,-6.3091968,53.3274253
ChIJQa0KpZ0OZ0gR6Z9PO8_vFr4,-6.2650731,53.3420095
ChIJvbquWZ0OZ0gRCtNt_XAUfxk,-6.2678071,53.3442703
ChIJRTws9-UPZ0gRu40GRWD4Xqk,-6.2657973,53.3369845
ChIJi4K3_kANZ0gREEPb0Qhwfd4,-6.363205,53.3750068
ChIJqSpqySkPZ0gRW6jXEOEb4rc,-6.2593973,53.3532807
ChIJs2dICSoMZ0gRCzVhHbrcffE,-6.2700705,53.3513187
ChIJjdAJLIMOZ0gR1o-iFkGhY60,-6.2643635,53.3455781
ChIJ1eUuDScPZ0gRLDQShOkN3WQ,-6.2651653,53.3453254
ChIJRTOcRJ0OZ0gRpm_Z-Y8T35I,-6.2646839,53.3443333
ChIJXaQqXgAPZ0gRSXm6YAlh4T0,-6.2651054,53.3468485
ChIJtWk8QoIOZ0gR1pG3pq-s9W8,-6.267267,53.348791
ChIJ1QjKWIwPZ0gRot5bfvF-pEM,-6.2593461,53.348793
ChIJ_YUOwlMPZ0gRM1e1Mwd07As,-6.2662515,53.350299
ChIJWQ7pOCAPZ0gR88QywRYIpGc,-6.2593675,53.3536613
ChIJpTRnMQAPZ0gRrG4zyNtu7oM,-6.2579578,53.3500848
ChIJLfhfxoQOZ0gRHawcQS3Vz7g,-6.2594504,53.3463734
ChIJK9sQpKcPZ0gRfJOFxAWDu6Q,-6.2683569,53.3486175
ChIJHZZ5Yy0NZ0gR__j5Lw5M7E0,-6.284519,53.3464044
ChIJ30JRnuoPZ0gRQwaxgclbvSE,-6.2682382,53.3468122
ChIJtZaIb4IOZ0gRpRmRhCHZ-ak,-6.2679809,53.3484858
ChIJYe3aRJ0OZ0gR-5Ur7e9pfgI,-6.2671736,53.3444685
ChIJA3QWiS8PZ0gR92mJlUHemVs,-6.265374,53.3366819
ChIJfST2Z4EOZ0gR-hU0-BaCmig,-6.2644436,53.3512836
ChIJNXVNOZ0OZ0gRq3pzagUYnHs,-6.2654867,53.3442939
ChIJd779cAAPZ0gRYCue64Tr5cw,-6.2632535,53.3508194
ChIJM0gV49UPZ0gRfMO6CZE8s_g,-6.2688629,53.3491087
ChIJ-256Kk0NZ0gRA18k-ex-7ZU,-6.2716493,53.3505306
ChIJOV4W1I4OZ0gRzsMdEtpkmrI,-6.2514884,53.3511193
ChIJP4ly8ZwOZ0gRqtVSJsiCu_g,-6.262995,53.3431247
ChIJ5V8NFHUPZ0gRHNSo1Rt3IZc,-6.2714503,53.3653666
ChIJwer_UJ0OZ0gRs39CbfXQa-Q,-6.2673274,53.3449042
ChIJE-oWWnwOZ0gR8jG1Gm7Gtog,-6.2616133,53.3597243
ChIJhfeWHpEPZ0gRfcbukL1EG3s,-6.2672192,53.3445524
ChIJg5Q3ufYPZ0gRm9zFPD5ZzdM,-6.2592676,53.3623769
ChIJd03z270OZ0gRIyBsVfkuR2c,-6.245114,53.333736
ChIJcTyevCcMZ0gROouz9s76Wso,-6.2700181,53.3430213
ChIJMXMvQGoPZ0gR9sVJUxME7vM,-6.2672736,53.3502818
ChIJYczaQt4PZ0gRsN10i1TxJk8,-6.2566582,53.3573937
ChIJs4-iHk8NZ0gR5K_eBuqTWTk,-6.2724187,53.3622385
ChIJ843vJLgPZ0gR9xxzq39SpPk,-6.265237,53.3442895
ChIJC9rB84QOZ0gR9EibnBGimWE,-6.2598269,53.3478049
ChIJpfSZqSkPZ0gRtBuRGdfoCXU,-6.2697649,53.3517321
ChIJZ0xSNn0PZ0gRaRss9EOcxRM,-6.267523,53.3444517
ChIJL1qirIIOZ0gRfu-GDW4-n0Y,-6.267791,53.345182
ChIJw0bYFosPZ0gRh8xCA0NnyEc,-6.2804026,53.3467337
ChIJs8k1O50OZ0gRK-vwLjs_a6E,-6.2654433,53.3442859
ChIJV_8uh-4PZ0gRQRzMzmih_p4,-6.2633969,53.3576734
ChIJW8bMkZwOZ0gRLxYZYCCTis8,-6.2619884,53.3434829
ChIJY-TXrrwOZ0gRu2KlWwCCrGk,-6.264818,53.345529
ChIJue4UXscPZ0gRdUALe4W_u18,-6.2627344,53.3411435
ChIJ4W1Q4JwOZ0gRmQp-j5AKEbo,-6.2646488,53.3429416
ChIJvfttGuYPZ0gRjYS5mQGGIhE,-6.265719,53.3410884
ChIJywfItpwOZ0gRHd1eVvzQpTc,-6.2625404,53.3449702
ChIJJxKxEoMOZ0gRDuy20Ny5jZA,-6.2635116,53.3472981
ChIJy8B8XZsPZ0gRDfPzSo2YAK4,-6.2505959,53.3417292
ChIJZyo62b8PZ0gRQlpNolqASA4,-6.2681046,53.3470599
ChIJN-vMDx8NZ0gRkdErNplJmiw,-6.2733759,53.3609099
ChIJi8hvVBIPZ0gRJof5FMJZi9M,-6.2645756,53.343432
ChIJp7-CUIQOZ0gRUoxHdz2hUJg,-6.2593751,53.3486777
ChIJh--jaa8PZ0gRW93wrFXQyUs,-6.2646286,53.3327245
ChIJtTzvr_8PZ0gR0VQNNL8bYEE,-6.2681748,53.348461
ChIJ1VHBvLMPZ0gRiHmxzmu96zQ,-6.2593973,53.3532807
ChIJA-QfSXgPZ0gRHG01_Kr3n6A,-6.2683269,53.3486107
ChIJRx8PFwUPZ0gRr44SawGEe2w,-6.2650636,53.3440585
ChIJ-etyEK8NZ0gRPQ_GP31lFw0,-6.3296757,53.3424636
ChIJBxT7noAOZ0gRsdHvnY3NjT8,-6.2656919,53.3558329
ChIJuSwU55ZS8DURiqkPryBWYrk,116.407395,39.904211
ChIJT5O2U9kPZ0gR64Bwki8gFPY,-6.2670093,53.3543948
ChIJO5k2s4cOZ0gRP52yC_v_1r4,-6.258481,53.3537196
ChIJW6fecH8NZ0gR6NSvIcYW0AE,-6.286527,53.3405981
ChIJU7s7ojUNZ0gRhPkXK7WojN8,-6.296106,53.3144666
ChIJr4Cn2JwOZ0gRfoQ6AmFgCEo,-6.2645061,53.344314
ChIJicEuVikMZ0gRA8dMc0eWQ68,-6.2757237,53.3500186
ChIJA4j22sYOZ0gR-myDYRu8NFE,-6.232285,53.3299859
ChIJ992An9UNZ0gRTRDrApTRN1w,-6.2730588,53.3585165
ChIJD20TjQoPZ0gRXIKqOfsHGAo,-6.1897311,53.358833
ChIJB73ZWbAPZ0gR1mJ4NqOVZpU,-6.2888923,53.3734907
ChIJb9W7gi4MZ0gRbHfTwBGDMW8,-6.27908,53.349852
ChIJ9ZqCCYIOZ0gRKyN08gQGPtY,-6.266972,53.3503906
ChIJTQw1gi0PZ0gRK8HVZ0r-RB4,-6.2495639,53.3522906
ChIJj7Y0ZP0PZ0gRSD_CXNhOPK4,-6.2712626,53.3505915
ChIJJWG0UUMPZ0gRodhW0V5VW08,-6.2695667,53.3519571
ChIJ4Yb7bh0MZ0gRKUiypwnhPYk,-6.2648281,53.3252028
ChIJt1qOCwAPZ0gRahyAbYvKKhw,-6.2595303,53.3497981
ChIJf7cAm4IOZ0gRuS3jmXjiWz8,-6.268034,53.3469477
ChIJO0lwCQAPZ0gRj7LGckPVXUc,-6.2583507,53.3501957
ChIJo8A1M50OZ0gR62M6laBPHrw,-6.2659075,53.3452334
ChIJm5du_qkPZ0gRzMogF6Oyor4,-6.2538444,53.3246439
ChIJx6WlI50OZ0gR6Eli4OM3-78,-6.2649747,53.3440517
ChIJ-dm1ZJsOZ0gRRSmTpqtFkkE,-6.2603056,53.3434901
ChIJ7VJM8oQOZ0gRw5wcMN1XENE,-6.2597689,53.3477029
ChIJOVGs-CcMZ0gR5EMUIg2Dlyc,-6.2682745,53.3446614
ChIJpxRpfQAPZ0gRjRXfgldTHFU,-6.2639102,53.3478595
ChIJ37-CAqAOZ0gRTeI8Q3bgrtQ,-6.2650728,53.3343976
ChIJoY5QhXQPZ0gRex7-z809k34,-6.265134,53.3328561
ChIJmQLrjb0PZ0gRtPdwjMFbjsk,-6.2518732,53.3510703
ChIJZ73aGZ4OZ0gRSABQFqyvqAk,-6.2659277,53.338653
ChIJ_Z3l6wMPZ0gReCUnW2eOXHo,-6.2670121,53.350342
ChIJbSgMJ-xFwokRvDN1T4XpirM,-74.0152918,40.6401201
ChIJ_5dPnKUNZ0gRA8wlWuwVWmA,-6.2786061,53.3482956
ChIJeRzLvIQOZ0gRi1PVJmhdvTc,-6.2626034,53.3460087
ChIJpQbRiLcPZ0gRFIaPUnssdIU,-6.2646281,53.33233
ChIJFZRbY6MPZ0gRLZQB4EcKwG8,-6.2577602,53.3588602
ChIJ21Xt_18OZ0gR04xMPZPrLV0,-6.2428199,53.3573251
ChIJyUZkH9YNZ0gR8bM8VuHb1HQ,-6.2726651,53.3624398
ChIJDzq-doIOZ0gRqDaSGzMdqGA,-6.2687202,53.3486966
ChIJxa-BkMAOZ0gRmFrGQZgA7Cc,-6.236331,53.332346
ChIJw7yz83QNZ0gRqGjFJZKnWNU,-6.2697869,53.3482198
ChIJ7bcsQVMNZ0gRDMtpsBNHm1A,-6.2782314,53.342615
ChIJ3Qd9zHAPZ0gRHFL5xMiKi0Q,-6.2583086,53.349927
ChIJG-5b3ZsOZ0gRelL4mJ0ROiI,-6.2588901,53.3409827
ChIJFZsm758OZ0gRcGdjXYpOBRs,-6.2649908,53.3353791
ChIJjx5CaAoPZ0gRd2lUZFrend0,-6.2679946,53.3467929
ChIJ02H13z4NZ0gRqoDDJW13vBk,-6.274296,53.3344151
ChIJCVT7bosPZ0gR52zIVlr6-vQ,-6.2638811,53.3446561
ChIJVarpZbgNZ0gRo7k6OyGFpSA,-6.2775255,53.3426205
ChIJwbOb3KwPZ0gRa78tB1JFEns,-6.2629325,53.3452104
ChIJAWYKRc8PZ0gRSfghkE6Wxao,-6.2631102,53.3469597
ChIJu8xt2m4PZ0gRg1KR85EVkd4,-6.2432951,53.3496169
ChIJCSpqVSENZ0gRBfQ5PJgUL10,-6.2786931,53.3479158
ChIJnbXIDSIMZ0gRIp4Cjykvv8c,-6.2742364,53.3344769
ChIJ7VTe3_sPZ0gRzVhs44ff7Ig,-6.2488658,53.3444338
ChIJLWcqCPENZ0gR36tB0mxrKD8,-6.2739056,53.3606771
ChIJBTrxuVYJZ0gRUkaZZF362wU,-6.1500655,53.260805
ChIJq6pnNYkOZ0gRIFoNVC1ei_o,-6.2505077,53.3514848
ChIJz_GM7KUOZ0gRKJNfxg5uios,-6.2551045,53.3249902
ChIJ63VMt5EOZ0gRlGO-wjdc7aI,-6.2493822,53.3442634
ChIJjWdqUK0PZ0gRp2unx_gXFOk,-6.2577331,53.3501162
ChIJ1TImPqAPZ0gRUJPL00L1614,-6.2643057,53.3455831
ChIJSfj1I4cPZ0gREGXr1mnRyNU,-6.2590071,53.3537864
ChIJ2bAxC4IOZ0gRQIhoorNME5o,-6.2688866,53.3491264
ChIJhXU6CAANZ0gRIbDRRKr-XR0,-6.2692536,53.3482771
ChIJzeeBPI8OZ0gRQ696vb_3d_A,-6.2528079,53.3502998
ChIJTxc8y2QOZ0gRVPYdqGVXZLI,-6.2583305,53.3633516
ChIJTUEea5wOZ0gRqQUO01ziNtE,-6.2622943,53.3427247
ChIJZ2RALIMOZ0gRv-16u6LugpY,-6.2633244,53.3453952
ChIJI1-tJQAPZ0gRQ4zLNjoQVZI,-6.2653167,53.3469853
ChIJ4613K_gNZ0gR8pBOhAmPckc,-6.2651764,53.3266123
ChIJwSV03eAPZ0gRSVBBQXMSUJI,-6.2655564,53.3473871
ChIJYXiyLoQOZ0gRWpbfNReD6K8,-6.2595284,53.3506299
ChIJw4XlvmoMZ0gRGQcXN-CBy80,-6.294754,53.331696
ChIJ4TrF7SMNZ0gRTQXVAM5vFDo,-6.2749051,53.3334165
ChIJ8XtpTuYPZ0gRMvS4YzcWpx8,-6.243809,53.3335975
ChIJxYp672QPZ0gRllZOuZUcUvw,-6.2659703,53.3507229
ChIJ969dN4QOZ0gRL6CWk95jQ-s,-6.2596435,53.3498224
ChIJg1Bez0APZ0gRR9JjRtKRWS0,-6.2654731,53.3474978
ChIJ74xUB7oNZ0gRG_MRUKYaY0c,-6.2653207,53.3255053
ChIJzTIQ0TENZ0gRN-_L1atDdOc,-6.2737769,53.3349713
ChIJk7Wf84QPZ0gRPNUdoC7aRNU,-6.2615033,53.3462635
ChIJTbeNJmAPZ0gRdOqgo2T9nmM,-6.2456422,53.2937967
ChIJ_0B-8ZsOZ0gRaw56Nz6XUh8,-6.2672187,53.3502962
ChIJYdlKHBAPZ0gRTDlWOBBaROI,-6.2682967,53.3476694
ChIJT-3K6s0NZ0gRw4_2I79z_18,-6.2885533,53.3574973
ChIJHdQJQCYPZ0gR3xQFK3hZQ5A,-6.2586621,53.3536119
ChIJrxft_E4PZ0gRNel2aTf8_4A,-6.2567967,53.339108
ChIJ-W02KYQOZ0gRReFEYj4kpI0,-6.2595284,53.3506299
ChIJ63Hd5YYOZ0gR9tTzRQ_fy5Y,-6.2608917,53.3530306
ChIJm9w4hNANZ0gR8azS99PPX9g,-6.2660765,53.3342107
ChIJ-X5DeP8PZ0gRFZGruADS54s,-6.2656317,53.3451159
ChIJW0qfmWgPZ0gRbS2V0We8Hv8,-6.2674581,53.3444135
ChIJEzjjE3gOZ0gR1auHlsitmFQ,-6.2714323,53.3655642
ChIJ0ZTtgdgPZ0gRpxUa4Icu0eA,-6.2635765,53.3431101
ChIJITOtSwAPZ0gR7AodfdFZXIs,-6.272328,53.3637638
ChIJxR5wtMwPZ0gR8Xrlh9drTPY,-6.2671736,53.3444685
ChIJUcAzNMMPZ0gRCVe4ICwIDuY,-6.2633825,53.347488
ChIJ1elcqs8NZ0gRlAWmED3-Z1s,-6.2898684,53.3630661
ChIJr6dSncAPZ0gRcPFcbgVW8nU,-6.2618885,53.3431998
ChIJe1T-580NZ0gR1qkP8ew7KhQ,-6.2874491,53.359383
ChIJ9w60yqoPZ0gRPVC9KtEWHqY,-6.2587797,53.3414809
ChIJRelUNpwOZ0gR4TBZ01H2wjU,-6.2631518,53.3411052
ChIJpwi-UKENZ0gRCGMItvfvAoE,-6.2748101,53.3335959
ChIJpSu8nGAOZ0gRSRvKgMOAbzo,-6.2476817,53.3579145
ChIJm5Q_vFoDGTkRhAQLdRi0BaQ,74.2739927,31.4931483
ChIJ42xZnKAOZ0gRKibHfoA3Stk,-6.2646253,53.3308759
ChIJRyJAU4YOZ0gRcbfuyNZ4v7M,-6.2589655,53.353485
ChIJMZ0-mfMPZ0gR_w1dg6TCl6o,-6.2644597,53.3337812
ChIJ6wpYGtgNZ0gRxrcdQ31l7qM,-6.3708439,53.3557356
ChIJhb4yyhcNZ0gRBCvsLGfV3Oo,-6.2944283,53.3481906
ChIJs4hmVToPZ0gRDwb4f-OghJ0,-6.2476101,53.3579688
ChIJGeCYgQcPZ0gR_x_yolT9odM,-6.2592289,53.3594716
ChIJ50xlHaEOZ0gR8RIzcNCz2Q8,-6.2612597,53.3310092
ChIJi6xGXAANZ0gRIdZGNLqJhTw,-6.278601,53.348276
ChIJb0fg0OwJZ0gRtAFFCSSRXQY,-6.2002257,53.2890867
ChIJP6_mkTIMZ0gRIaRm3tc-0pU,-6.2853664,53.3530472
ChIJm_SYMp0NZ0gRpsHw3jsfWsA,-6.2821804,53.3506438
ChIJQ1sBkWcEYUgRZeVywaSUikU,-6.0474122,54.511518
ChIJVzGjvt0PZ0gR6TEZHtas74A,-6.2628872,53.3312267
ChIJT6J4MSIPZ0gRVJUCr5G6TUs,-6.2432441,53.3496113
ChIJ4cljHKkPZ0gROo47wkV1NVQ,-6.255403,53.3507592
ChIJk0c2bzYMZ0gRZYWoJJy2tWc,-6.2944505,53.3482156
ChIJQT_v7XoPZ0gRxf_ZYI88Jow,-6.2613945,53.3529007
ChIJ5-flOdwNZ0gRpM05zg9cr2w,-6.2826858,53.3382878
ChIJ8TnNYZwOZ0gRix3vKQ2vacY,-6.2619808,53.342846
ChIJYUaj-VMNZ0gRO6ir3oQMcNo,-6.2689874,53.3437352
ChIJA1dp3IUNZ0gRiddvKCSU8tQ,-6.288049,53.3559921
ChIJgQ4icKAOZ0gRDgjyXwQrjRQ,-6.2646608,53.3308013
ChIJH0SvAFkMZ0gRZhdOILmBkbM,-6.3193438,53.3396372
ChIJCdymf68PZ0gRn1JyaCYRUcc,-6.2628761,53.345149
ChIJYUjiG34OZ0gRwOKOV1Pfb0E,-6.2651807,53.3563873
ChIJBcjAcvsNZ0gRQUSBJh2-wrk,-6.2816488,53.3501907
ChIJy8x0plMNZ0gR2xya3MgmnqI,-6.2658151,53.3226717
ChIJkw9kYPkNZ0gRNKPoiutsV9k,-6.2795595,53.351261
ChIJMX4OWwANZ0gRWCS3xRd5uhA,-6.2826968,53.350969
ChIJnQZz4IoPZ0gR1gaZGzDmaRU,-6.2616815,53.3480637
ChIJ8wI8Ef8NZ0gRibnjo4Wbj2s,-6.2724655,53.3623917
ChIJl7rO-8UPZ0gR9rN8mRNq-TM,-6.2628752,53.3424142
ChIJ3yB03IIPZ0gRTch7rrjRR4o,-6.2591738,53.3536803
ChIJdS86sUYNZ0gRqyLWBp4nXd8,-6.2946799,53.3316875
ChIJ9WuBIcMJZ0gRiybl0zJSFCk,-6.2426728,53.2688528
ChIJASShCH4OZ0gRSbpY0G6Dr3A,-6.2642525,53.3568027
ChIJw1sI5dUNZ0gRkfeyHqLJW8s,-6.272874,53.360521
ChIJS3W__pcNZ0gRpgj6bQsbPjM,-6.2658108,53.3225172
ChIJfUC7s-QPZ0gRnvkOlkKNBrU,-6.2654237,53.3228408
ChIJCycOu2sOZ0gReLPAdi1Pt-0,-6.2555645,53.3257241
ChIJyZMjyo4OZ0gRvdzeWdftFH8,-6.250477,53.3511038
ChIJH4Gy46APZ0gRaxNrFKWqrA4,-6.2668206,53.3443363
ChIJXTqvOwIMZ0gRnZX4geAhRVE,-6.2645881,53.3190891
ChIJbVh4zJAPZ0gR2EA8G7deIHU,-6.2641668,53.3305849
ChIJZctAOwANZ0gRGlcorBCU91M,-6.2699811,53.3508603
ChIJq6r6HwMMZ0gRNn8WPsB-L0c,-6.2664781,53.322153
ChIJOaHLC0kNZ0gRs1XPHyYDrew,-6.2889814,53.3575035
ChIJj8V8ixgMZ0gR77vLmr0ZE3A,-6.2754048,53.3326543
ChIJtbgr-yYPZ0gRSwPsKUAsDiY,-6.2559502,53.3483313
ChIJhRkk34IOZ0gRpvt2yIVIr9Q,-6.2651204,53.3463952
ChIJj859AF8OZ0gRJJtG6Qm8-AU,-6.240049,53.359935
ChIJ__xdW1wOZ0gRl0kzXTNyzVg,-6.239368,53.3649281
ChIJ_5xOSZ4PZ0gRib-dAdg8JV0,-6.2654965,53.3374577
ChIJ8RNWjdwNZ0gR0P0MiketL-4,-6.2988531,53.3370653
ChIJoxQHotkPZ0gRDI0z1C1MhLo,-6.264168,53.3305803
ChIJfQkG-msPZ0gRR2LQqETorG8,-6.2592675,53.3411618
ChIJca5uuJMPZ0gR-R5sr64bxSg,-6.2420575,53.3625732
ChIJxcrNpZsOZ0gRW7zR3vTvNP0,-6.2576794,53.3424724
ChIJvy09L5YOZ0gRY6UO1WVPulo,-6.2477667,53.3357333
ChIJLUoAFQANZ0gRpvjcjpEbmpM,-6.2879861,53.3559195
ChIJIcAX75IPZ0gRLmgBljC5-UM,-6.2594827,53.3455629
ChIJG70Qt64PZ0gR0Vko6KUDrUA,-6.2673476,53.3473475
ChIJlWtmZwAPZ0gRDS3emKMUY3M,-6.2650779,53.3342243
ChIJSQIP1gwJZ0gR32pqyj0oYQ4,-6.245361,53.3049654
ChIJuXZqZ4YOZ0gR0wc87d26J8Q,-6.2590468,53.3522938
ChIJ2Q2Nv6cNZ0gRdiaHFtsiM9I,-6.2982696,53.3359727
ChIJwTwNT3oPZ0gRdrFrUdFdoQI,-6.2630507,53.3416157
ChIJ2XqHdSIMZ0gRrOZf-0xhCzg,-6.2747221,53.3338982
ChIJB-MDRQALZ0gRPYj6tVmPDzY,-6.2741325,53.311489
ChIJq6i5aJdOvjsRF18NsRjMjZ0,73.2765361,19.3529794
ChIJCaNNGngOZ0gRnprYPa46aEA,-6.2719239,53.3659313
ChIJOTOCr3_naC4RjsPdBEk13Oo,107.6033675,-6.8797865
ChIJ92ESGwAPZ0gRLegP4mkKCGM,-6.242355,53.3347038
ChIJS1QuGuINZ0gRIOIe9JW9HtM,-6.2717121,53.3504933
ChIJzTgyXuoOZ0gRQNBGY3SS4BU,-6.2346186,53.3373985
ChIJC76lL60NZ0gRNIEMUvK4_jc,-6.278884,53.3182566
ChIJvacR37APZ0gRZfvBb-Yd_U8,-6.2322897,53.3299034
ChIJj1D7KgAPZ0gRMxD8ajNYQ9U,-6.2631484,53.3468605
ChIJSx3WipwOZ0gRYe6PRsvgx6w,-6.2622305,53.3427959
ChIJfSsveNgPZ0gRAq2tzz0s1bw,-6.2548157,53.3249548
ChIJ_5gHe6AOZ0gRxgiDcDsU5BM,-6.2646255,53.3323181
ChIJRaPGZa4PZ0gR7u3Nd5vw1J4,-6.25804,53.3502871
ChIJKdWY0-UPZ0gRNkXE7j2QMjM,-6.258584,53.3408586
ChIJcyD28twNZ0gR2piqUcxSZIQ,-6.2651964,53.3243778
ChIJ4xKRBMQOZ0gRylN6SYgFmJo,-6.2302106,53.3289919
ChIJBxEF-EEPZ0gRZEBBUT5j0U8,-6.2627107,53.3581475
ChIJPw-eM00NZ0gRm3PITkPst44,-6.3093092,53.3274045
ChIJBZMyNEgNZ0gRPbA3GHw-93A,-6.2691069,53.3487558
ChIJMUVwdQAPZ0gRCAJF6mDC7fs,-6.2653781,53.3209824
ChIJya1pGgAJZ0gRQJ8AZkSZg0o,-6.2457246,53.2938462
ChIJmZuQhLEPZ0gRl60zjJQ4KMg,-6.2651973,53.3466607
ChIJB8EqJ_UNZ0gRGu4843-7luE,-6.2662974,53.3215729
ChIJO5VHJAANZ0gR_qPJ0Cgac9w,-6.2671741,53.3215862
ChIJCeE_DEANZ0gRbqH28FAL4o4,-6.3610257,53.3726379
ChIJRS5lnioPZ0gRdxp0s7NC8M8,-6.2009482,53.3874075
ChIJX2pkys0cdkgRA4YNe-vptw8,-0.0585237,51.519644
ChIJIWrkRLIPZ0gR401vf3mP7l8,-6.2224229,53.3726364
ChIJlT5xnp8NZ0gR_kcpcts7Xqw,-6.2537177,53.3245871
ChIJNQaucdgNZ0gRtr9vXyq2mHU,-6.2748887,53.3317402
ChIJTYWdzZ8OZ0gRL8BlfYBz16M,-6.2654228,53.3369217
ChIJv4mVO0MPZ0gRjWIiyb_KSsI,-6.2677898,53.356573
ChIJ4Zg6bZkPZ0gRzdl81Psucck,-6.2545857,53.3505995
ChIJBaApONoPZ0gRLqI_oyIMRcA,-6.2617594,53.3471023
ChIJRUxyw70OZ0gRTMxcc33igmE,-6.2456135,53.3337842
ChIJ0yfZ2I4OZ0gR7fNEJrUe0-0,-6.2511042,53.3509723
ChIJez4ajSQPZ0gR-nwV4LX3H2c,-6.2644992,53.3412579
ChIJuSpu8KkPZ0gRqcSWQCOQtO8,-6.242355,53.3347038
ChIJ0RpDFHgOZ0gR-lGN2bOKSls,-6.271425,53.3654214
ChIJJZY6EeIPZ0gR7Rib5mpzcCg,-6.264938,53.3349514
ChIJxz0noLQPZ0gR6-ghK9TBvSU,-6.2646925,53.3412866
ChIJCcYUHSEPZ0gR3H4hxqGpSqI,-6.2653658,53.3407476
ChIJpZYZ4F0OZ0gR2nESzri48io,-6.2424756,53.3627098
ChIJ75rI3r0OZ0gRCtVD-9V4Gv8,-6.2449909,53.3337295
ChIJl85wlJcNZ0gRYmuXi1f2O_0,-6.3163412,53.376641
ChIJw4tuSYMOZ0gRIyu4c0oHjX4,-6.262889,53.3456928
ChIJudnh0yENZ0gRTI7TYY9BrgQ,-6.3202973,53.3395351
ChIJD94kql8OZ0gRHyBWkaMj78k,-6.240211,53.359726
ChIJJ_GChgsPZ0gRAYaghnn0PwY,-6.2648674,53.3317201
ChIJwbH_l6kJZ0gRCef5zCHTOoI,-6.1805784,53.3017331
ChIJ4e3T_YwOZ0gRG847Xnaiap0,-6.244476,53.3491782
ChIJBSB3dKAOZ0gR5PXzPi7iHxg,-6.2652194,53.3328944
ChIJr6h723QPZ0gRSjavWixgenA,-6.2309553,53.3444615
ChIJh7aqsocOZ0gRKTqC15csf3Y,-6.2587027,53.3536587
ChIJw1UZz6UOZ0gRcRGLLnFeajk,-6.2557205,53.3262422
ChIJEdQbplsPZ0gRjDxUvwJKrvs,-6.2321254,53.3642186
ChIJEX-Q4l4NZ0gRw6gZZmmDe4c,-6.2800126,53.3427731
ChIJRxEZJiIMZ0gRA0p2cwqxSHk,-6.2734941,53.3361636
ChIJU-wTe28OZ0gRoHgIkBAc7cA,-6.2551565,53.3678746
ChIJIyVHWo8NZ0gRd2AXxDSnOT8,-6.2832885,53.3515161
ChIJw0B_s7cOZ0gR-psFBsrYsvA,-6.2371476,53.3225186
ChIJN2tjpooPZ0gRnUiQFNRspXw,-6.2713578,53.3647017
ChIJWX2RAWAOZ0gR9XmdZskEo9Q,-6.2434409,53.3573049
ChIJfTBwfEQOZ0gRCorvrLaHaAk,-6.2388813,53.3708556
ChIJ_QL6cwANZ0gRSeyHmA7JYGI,-6.2979656,53.3882967
ChIJe0G8co0OZ0gRxf715xh7VN8,-6.2434425,53.3476604
ChIJSVZoJNEPZ0gRHeAGaN6TZlA,-6.2542912,53.3691996
ChIJhUenEJwJZ0gRj8UKEifhiFQ,-6.2456645,53.2938473
ChIJneme09gNZ0gR-JQU69I8Ksk,-6.272503,53.3602467
ChIJ1U31lMYOZ0gRL-FPr1gwm-Y,-6.230903,53.3292724
ChIJxcjQ95MOZ0gRqzdjufL7vwI,-6.2450577,53.340926
ChIJ40O1eIMOZ0gRjDej1H9r50o,-6.2623083,53.3478889
ChIJ-Uzl0JYNZ0gRt3CrF8K_YtA,-6.2921337,53.3342596
ChIJ5bcYUXwOZ0gRNHrK4P68hmU,-6.2613676,53.3593665
ChIJj38h6aUOZ0gR0EVMOuhtPdc,-6.2554204,53.3253642
ChIJlQdgcJEJZ0gRC-Y3sl1p698,-6.2465154,53.3136023
ChIJXXFEUGkOZ0gR5WsrJWcIrNc,-6.2524988,53.3722742
ChIJWQO9y5wOZ0gRDUWJDEpAPoE,-6.2632768,53.3451399
ChIJ_Qba2ZwOZ0gR0x_AEbhQUr4,-6.2644199,53.3445888
ChIJa4Y4WyIPZ0gRNahnyCEDSoE,-6.2658641,53.3387359
ChIJGdXBsjt32jER5rwEuhhHvWU,103.6217117,1.6036577
ChIJmwT4rpwOZ0gRODNIA5Wrng8,-6.2619472,53.3449778
ChIJYf5MZokPZ0gR98s5sJ9hwLY,-6.2644577,53.3571202
ChIJAejEt8cPZ0gRbn5qRXWByqo,-6.2641697,53.3305313
ChIJLS-JwcMPZ0gRyhLX3dZV4Dk,-6.2442724,53.3494544
ChIJBUlTFGQNZ0gRU_nh9HA4Mk0,-6.2888495,53.3736338
ChIJFWWY5YwOZ0gR1R9uA9-D-oA,-6.2434262,53.3496757
ChIJjbW_WXUMZ0gRM1qTkwloir4,-6.2855992,53.3096229
ChIJ8Yb-6ixLwokRFV-RuGJvuN0,-74.1651605,40.5439381
ChIJLw-oYazN1IkRoaAXwXqVH0o,-79.2889763,43.7226039
ChIJw1zhLlcNZ0gRqBz4_gMdajM,-6.3732268,53.3858412
ChIJ__MgTGkOZ0gROuaM_U3IDpw,-6.2526856,53.3720114
ChIJ9Ye_2CsPZ0gRqZ8_WFGCL8E,-6.2453768,53.3887401
ChIJC9CvcEUNZ0gRRzoICeKtt6A,-6.295046,53.331555
ChIJTeqDU6UPZ0gRQ_zGWrewO-w,-6.2516771,53.3253557
ChIJz9JEWYEOZ0gRayyKaCxIkGQ,-6.2636498,53.3511608
ChIJq-QRDCsNZ0gRVGvU0JEzWKI,-6.2804451,53.3391423
ChIJy51UCjgPZ0gR7c-TxLcxpA8,-6.2672288,53.3448221
ChIJ30WNP3UNZ0gRSFLhjK_x214,-6.2654288,53.3209839
ChIJCXWbz2QOZ0gR11aajvkPqxo,-6.2587146,53.3628245
ChIJMd2SVo8OZ0gRPOy87KBCGTQ,-6.2550547,53.3507729
ChIJ7RYRBu8NZ0gR454AM6Q3jkY,-6.2739195,53.3393049
ChIJc4I-UBUNZ0gRtjg0ezLjh-8,-6.2956074,53.3233583
ChIJ33AqbncPZ0gRJPEcwvUPLOM,-6.2591396,53.3624037
ChIJfQhlmxgMZ0gRaq6ra7D-25E,-6.2790455,53.320424
ChIJvw-S25wOZ0gRAwqvUpozDik,-6.2639827,53.3443227
ChIJLzxHTYYOZ0gRdx_6zjuCnes,-6.2588209,53.3536152
ChIJe7DNdI0OZ0gR877GyIDDlXw,-6.2449477,53.3336496
ChIJS-QP5Z8OZ0gRNeLM-2yXaGA,-6.265008,53.333948
ChIJA-qVps4PZ0gRr8EsLQoxJ-4,-6.2424756,53.3627098
ChIJVVVRxL0OZ0gRhcaTCx1Onko,-6.2456559,53.333583
ChIJNcJNRWkOZ0gRVHN6psdyX1c,-6.2524679,53.3722937
ChIJWRTIGRqXcEgR8HV77QOIr0s,-1.9886899,52.464808
ChIJmVw5-GcNZ0gRQCyKtOhE-j8,-6.3170456,53.3208633
ChIJo-AK0Z8OZ0gRPRsrzYcwgiU,-6.2657163,53.336693
ChIJo49C3lsOZ0gRY7-sFRfNWXM,-6.2373569,53.3628414
ChIJlbjHFrQNZ0gRwXQy7VjWERU,-6.2767399,53.3427922
ChIJK6-ZudoPZ0gRpO-8ZLNqMao,-6.2594536,53.3488489
ChIJDbZY2a4NZ0gRwHP2p-vMpSo,-6.2769799,53.3600212
ChIJQQRyylwLZ0gRQW6kROdJwS0,-6.2847008,53.3092667
ChIJe6OozsYOZ0gRFo8B5s4ld_g,-6.2319976,53.3303676
ChIJTyyLUGgPZ0gRklwb1G2hID0,-6.2288484,53.3655797
ChIJWeIccAAPZ0gRCh2RHOW8vHQ,-6.2655323,53.3402301
ChIJS_9zvkBDGQ0RnDkGHcK8jcQ,-8.8935915,38.5241052
ChIJAQDAl8UBskARDu_81W8MhXw,26.088621,44.4507863
ChIJ9-bPjh0MZ0gRkDOA8ZHpyn0,-6.264637,53.32721
ChIJ2YGzdKAOZ0gRTmbon_B4nlo,-6.26521,53.332977
ChIJVTB_DAANZ0gROmf0irEVH0Y,-6.2990073,53.361147
ChIJtQohPLUJZ0gRWRjA1aR8JHw,-6.1781323,53.3016551
ChIJBR4Vw4UOZ0gRxUFHOMpSVss,-6.2576895,53.3502935
ChIJjbY11xcNZ0gRcQQrTque8VU,-6.2668176,53.3216759
ChIJ1Q9VLgAPZ0gRMsjRP53iVFc,-6.245809,53.3590639
ChIJMRsH61INZ0gRLRMhj7iN3CA,-6.299223,53.3365995
ChIJodr_3T8MZ0gR_hK-b0jX73E,-6.291827,53.3333335
ChIJG_mYgLoPZ0gRh8hLnN1Fm9U,-6.263008,53.3578825
ChIJGVdv6K8NZ0gRNZz7Bb70nuA,-6.2733043,53.3137361
ChIJE7I4yoIOZ0gRMST5XljG4p4,-6.266283,53.34538
ChIJDSkyvt0PZ0gRMo_aTentl90,-6.2633292,53.3475392
ChIJpclVMzQPZ0gRGIt7FnSWzkY,-6.2515767,53.3378579
ChIJNx9jcJsOZ0gRRHRing65xQc,-6.2598373,53.3433802
ChIJzTyUHAAPZ0gRUcZZqFZELUA,-6.2454867,53.3338034
ChIJLUem-P4JZ0gRnaRvWK_Zhis,-6.2454299,53.3048039
ChIJQ-vndSIMZ0gR2TqGniIe2d0,-6.2745286,53.3342114
ChIJ95HY4wIMZ0gRiRs0B-7MRXg,-6.2661792,53.3218536
ChIJr8WnbR0MZ0gRHSDNOuGgS_I,-6.2652799,53.3254725
ChIJVVVx-ZMIYUgRZUklasVIPco,-5.9513971,54.5788882
ChIJh-0ZMdYPZ0gREUjmihRi8fY,-6.2537177,53.3245871
ChIJ6QROuwsPZ0gR8sjzAeJy1a0,-6.2008694,53.3873766
ChIJ-Q4s2G8PZ0gRvHFuWPVHsW4,-6.2519048,53.3454922
ChIJ__98xL0OZ0gR_rfX8jtohoY,-6.2456686,53.3336986
ChIJ4d-vFfYLZ0gRjb7Ul4ai2d4,-6.2751383,53.3119754
ChIJCZRAEJ4OZ0gRSNLmgQhXx7Y,-6.2657422,53.3390276
ChIJc6-5k3IMZ0gRmJV9fsoID-g,-6.2932067,53.3209252
ChIJb0P3660NZ0gRGV2Kr8yXrgo,-6.2766403,53.3821867
ChIJXVX1M-irKU0RAHpjjBHIbsY,-79.4625244,46.3091163
ChIJA-Suj0kLZ0gRIprLBQflDp8,-6.3596144,53.2878116
ChIJIe6KX7QNZ0gRoouh44HPn-Q,-6.2803773,53.3428279
ChIJ5SSKF28OZ0gRwFzxZdVgaHo,-6.273832,53.356588
ChIJG4VdAkEMZ0gR6Vqg2412-ik,-6.2978811,53.3358591
ChIJ-eKzBxkMZ0gRNzTCSdb_tvE,-6.2756197,53.3304186
ChIJu86yfW8OZ0gRrdvFj1OUe3c,-6.2552059,53.3675943
ChIJ8V_hDZ8PZ0gRpL4bloj5bzk,-6.2270277,53.3535213
ChIJB13Df8MPZ0gR0T8x5edDb64,-6.2599221,53.3481843
ChIJISN-vpMNZ0gRVz4jBISNO6k,-6.2876555,53.3559283
ChIJGyXef5sOZ0gRaQqNm2XRIwI,-6.2599484,53.3432679
ChIJYfsE7_kOZ0gR80PWLV_5FuU,-6.2269544,53.3535618
ChIJoctQmqAOZ0gRoE_PyceA5-Y,-6.264216,53.3308682
ChIJG2jA5A7P54kREc-PfHEVRpE,-72.8177469,41.4695844
ChIJh7OPGuYOZ0gRYpWWAZKvFag,-6.2275006,53.3485017
ChIJSdr_I1AJZ0gRQl1RR7eecAg,-6.2453999,53.3046836
ChIJRwZ1kYQOZ0gRLSjWLB3-_yQ,-6.2605577,53.3474019
ChIJqaons8APZ0gRqCUyvNl9XfI,-6.264168,53.3305803
ChIJsZn2s20MZ0gRER3A4APr4iY,-6.2964095,53.3243514
ChIJz3Fo3YkOZ0gR0CriVylw99A,-6.2516725,53.356324
ChIJ7Q3wd4wPZ0gRO5yfIydD59g,-6.2588702,53.3464059
ChIJu5q5OgwNZ0gRYRCw3Xcg2mU,-6.2936926,53.3751727
ChIJI10nBYAPZ0gRDMAVdDkmkts,-6.2352568,53.3712754
ChIJfdCAioQOZ0gRPVqE-M4E_jk,-6.260365,53.348183
ChIJRRpVpnQNZ0gRoRYC7n4aI5E,-6.2821379,53.3509037
ChIJqf2cAVkMZ0gRcXRuvb2K-Kk,-6.3193118,53.3394125
ChIJM6-prNoPZ0gRRa0mshmFlOY,-6.2587914,53.3466033
ChIJ2eEe-ogfdkgRZjE5iNbwKhM,-0.0708201,51.6049681
ChIJregSnhgMZ0gRdrMxgY02BXw,-6.2747591,53.3338385
ChIJ6bYth_wPZ0gRKVR06pIXHms,-6.2133211,53.3843234
ChIJ4TYL2L8LZ0gR6-O2JYGIchQ,-6.2741557,53.3115071
ChIJ7TThZlgLZ0gRZ8NO6mKvw9Q,-6.2738655,53.3115875
ChIJz2tWtwsPZ0gR_zX4LIG9NjQ,-6.2008796,53.3873816
ChIJy7De8FMPZ0gRthpE7TMIdLY,-6.2232641,53.377113
ChIJtS6ySuANZ0gR-Yh_ppv3KGw,-6.3226118,53.365729
ChIJ5f5D3JcNZ0gRenFKPKnR-1w,-6.2651976,53.3208361
ChIJMy18RAAPZ0gRagPYKVc70sI,-6.2461376,53.3436176
ChIJ7Uj1rnQPZ0gRE8feAPaZwLM,-6.3000275,53.3147893
ChIJaQtEO6wTZ0gRcYhKmfY2XiU,-6.304158,53.4041842
ChIJ4UN-giAMZ0gRj4dKCGA-EWg,-6.2665498,53.3375189
ChIJZ3U9t6N1Z0gRkMRJZ_Bdftk,-6.3752054,53.2869259
ChIJmcbPD50PZ0gRXeoARi2rQug,-6.2713578,53.3647017
ChIJh4_daQoSZ0gRUMQt6Ml6pa4,-6.3045873,53.3990835
ChIJMzzY6xoJZ0gRrt6zlHrrdek,-6.1817019,53.3016226
ChIJ34lr6J4PZ0gR-hW-hnDjtfE,-6.216573,53.3670934
ChIJvZ39010PZ0gR5E32dOsMv6k,-6.228487,53.3485257
ChIJ4cizCX4OZ0gR7J3p_0yRhHw,-6.2640908,53.3569854
ChIJlwCoqwcMZ0gRSZAOgts4yVI,-6.267075,53.321621
ChIJ6b3IbggNZ0gRBLybGTUiBRA,-6.2749985,53.3323825
ChIJAWPYwLQPZ0gR_WTDdiO5M7I,-6.2177863,53.3763446
ChIJCZUhpWYNZ0gRQ1YJq4umCjc,-6.2733981,53.3134022
ChIJ_3mCDAAPZ0gR7lB3hjG5wlA,-6.243987,53.3330394
ChIJNZTgr9cHZ0gRaxzSan8AU1s,-6.1359108,53.2672676
ChIJkRLTAqzHhkcRmErBo5k3mR4,9.2008077,45.4799564
ChIJIzqJnKAOZ0gRA_JDxYhE5lw,-6.2647695,53.330949
ChIJ40J6tIcOZ0gRgxM_un3W8LA,-6.2583701,53.3539338
ChIJuesGeE1tZ0gR02aQIhVBFUs,-6.3949367,53.3927387
ChIJF9TzVikPZ0gREFqsoQlgJ_Y,-6.242772,53.3610733
ChIJuaIqxB9zZ0gRhrWYFztjiWM,-6.3994412,53.3831996
ChIJ57O6Sm4MZ0gRvLN2r1AR5Eg,-6.2953538,53.3231095
ChIJlYSOX1thwokRyG9iBIirQMA,-73.800757,40.723033
ChIJPan8auMLZ0gRBQoDogTwWYI,-6.263414,53.3005294
ChIJ7xcXkRR1Z0gRCSwoDYjHajw,-6.3752068,53.2863338
ChIJbUB6Xi4JZ0gRFrh7kWqCJeo,-6.2146509,53.308499
ChIJe7T6sM0RZ0gRhrsG5rs5gZ8,-6.2204531,53.4587662
ChIJIf-P7I4MZ0gRpUHodRqEqp0,-6.3290828,53.3241571
ChIJqX6mWsgRZ0gRY0lYMsgYleI,-6.2240249,53.4493093
ChIJ2xX_6X51Z0gRdQc7JwFv13I,-6.3762169,53.286142
ChIJp_PoaGIRZ0gRxG727LrMLmc,-6.2206494,53.4568084
ChIJ2VNMZVUNZ0gR4dXly-LS-8E,-6.3984495,53.3832843
ChIJ_dzOHAAPZ0gRYO2dbiu0aUw,-6.2639307,53.3420318
ChIJ40uxQR0MZ0gRRSocEqhLdNc,-6.2649484,53.3248129
ChIJccBlEjkJZ0gR7cKI5ZG-Usc,-6.2342739,53.3044805
ChIJQ9jXevUPZ0gRVOcpMSTCCJ4,-6.2450068,53.3967366
ChIJQ3N3W8xzZ0gRc6-TnBm-N_o,-6.4012568,53.3834553
ChIJ_bSCTK5yZ0gRPxwyGh1MDR8,-6.4015092,53.3830598
ChIJMwe6yo4OZ0gRRuHcOKdHe20,-6.2505625,53.3512217
ChIJC3plwFINZ0gRx5_wJUzKDH0,-6.4012744,53.3834412
ChIJicEGycgNZ0gRQosvZv31io4,-6.4004746,53.3846374
ChIJx6_mBkFzZ0gROAqdaWQlg7E,-6.4011725,53.3832856
ChIJ8yQm8_ZzZ0gR0YzlOMiRUmc,-6.4016265,53.3834025
ChIJaSJWo69yZ0gREpNuBwxtWu4,-6.4015436,53.3833427
ChIJTcIF_a5yZ0gRXWnJQ5PFb84,-6.4003804,53.3845834
ChIJj4hBfgATZ0gRrQP_pUi7T2c,-6.3823874,53.4198723
ChIJG_Ovy4IOZ0gRALNL9f61cS4,-6.2603275,53.3428794
ChIJOQrLTYMOZ0gRzAH4d6kPTGo,-6.2623998,53.3457098
ChIJ1T9UBJwOZ0gRxGJHzJMaZeI,-6.260625,53.3405
ChIJdYmqbcgPZ0gRqgZxZzv4Tsw,-6.2075005,53.3823407
ChIJZcorut0OZ0gRWiogA817eZ8,-6.2158477,53.3324732
ChIJr7dHYB8JZ0gRubsd_wzU6rk,-6.2458998,53.3016708
ChIJT0P2tt4OZ0gRJeRVDnDYYZU,-6.2145778,53.3321167
ChIJeahptt4OZ0gRUPaA20n7Ae8,-6.2144597,53.3320775
ChIJ-Q2jLl4JZ0gRuo4D8r2TrsQ,-6.2179084,53.3059973
ChIJ91yuprwLZ0gRofRlr_PdiBU,-6.2949833,53.2846867
ChIJp6vu9FAOZ0gRca3HjAO_Uso,-6.1930703,53.3919283
ChIJYRavmnMJZ0gRkvXcQeFKewc,-6.2438137,53.2884039
ChIJfzjPu1gJZ0gRE0m5fXZyfWk,-6.2437274,53.2892797
ChIJlRrt-O0PZ0gREuzp3laTeq4,-6.2676356,53.3441843
ChIJT9lFAOAJZ0gRdOPchfscRpE,-6.1993311,53.2884829
ChIJ2WHZaxQJZ0gR6UyZiecw8Gk,-6.1990222,53.2884997
ChIJfQoUSYMOZ0gRotOXY3FpFgI,-6.2651581,53.3466289
ChIJd_BJCQAJZ0gRcPYYMuhrtAE,-6.2425443,53.2878556
ChIJe5PLTa0FZ0gRYi-7Mo1YdaI,-6.1403834,53.3882368
ChIJ-RAW6OQNZ0gRNBebVDWQWug,-6.3530499,53.3093387
ChIJeYF0-gsJZ0gRIISKhzboG1A,-6.2182024,53.2769924
ChIJ6TjvqA4JZ0gR_YWuRnmWZu4,-6.2164896,53.2771134
ChIJE1Dy3kAFZ0gR-CnyVAbI8fw,-6.1469562,53.3865942
ChIJLcuid34JZ0gRULltIjyGKVQ,-6.2154177,53.2780006
ChIJAUz-0ewFZ0gRNsNPEOjikDo,-6.147451,53.3867949
ChIJ7wnp_RhzZ0gRsBsHD7fyDDw,-6.418962,53.3585585
ChIJ3U2ftA8OZ0gRR_JMvN94M7U,-6.2659872,53.3857944
ChIJu3lb4fUHZ0gR_dWpx6Ves1U,-6.1424969,53.295005
ChIJEfrJrZB1Z0gREprCLC414fY,-6.3740626,53.2884978
ChIJxQW2cwAHZ0gRsjyEo-hvCXs,-6.1420542,53.2946991
ChIJBQYTVusIZ0gR_Nly6xzdoY0,-6.1721592,53.2906147
ChIJ6WpENLUPZ0gRS6ZNbzbWj5o,-6.2317898,53.3485964
ChIJ-VmClXYHZ0gRLg-XGMi_ktg,-6.133078,53.2939125
ChIJcfnEvEVtZ0gRhOUiznoW4rk,-6.4104306,53.4065665
ChIJ69tedxgJZ0gRVW6O9DAyVeA,-6.2108151,53.2769873
ChIJr6L1G0YJZ0gRQaqFlxRZ5hQ,-6.2148407,53.2766429
ChIJK8GHq5gQkFQRhC24ef9TeIc,-122.3769741,47.7697694
ChIJJU9vTgAPZ0gRApA3TrFpgVc,-6.2319368,53.330677
ChIJvYv8GaAOZ0gRjIFeAexZqJc,-6.2645047,53.3337781
ChIJB1cz7cEPZ0gRmKGatVjrEPY,-6.2691617,53.3499138
ChIJaaCu1O0bZ0gRXCmy74CI2VM,-6.2632451,53.3448118
ChIJW1LNNpwOZ0gRw9H0IhZrk5s,-6.2629741,53.340844
ChIJT8qbYAAPZ0gRLWw4Vp64rQQ,-6.2657631,53.3389262
ChIJR56jRFoNZ0gRP4xbxb-uE-k,-6.2778161,53.3486314
ChIJ7aSDeTQPZ0gRt2_eGpvP06o,-6.2485526,53.3362694
ChIJ7ZIqVQAHZ0gROcoFSK25sys,-6.1302934,53.2899531
ChIJPR5nTW8JZ0gRSnOrbm98X-4,-6.2430457,53.2875395
ChIJ0zdnzCAPZ0gRqMwYkzIm_b0,-6.2497421,53.3513793
ChIJx9HIFgcFdkgRa_72Gio9T8E,-0.1764993,51.4936167
ChIJaYKAEPULZ0gR2CauY--zwp8,-6.2857954,53.3096198
ChIJLxh6lJoPZ0gRu0h4_DTTEes,-6.2431615,53.3333238
ChIJ4dMkOigPZ0gRG9-2YY8OmAo,-6.2634321,53.3425115
ChIJgfoZR-0LZ0gRlk9XpPuGH-g,-6.2522057,53.3240512
ChIJlwlv4IMOZ0gRsaoL3KIeY1s,-6.264163,53.350581
ChIJM53DN5wOZ0gRLwe1FRWl1Fg,-6.2629881,53.3412348
ChIJge0Hu40OZ0gRQWQuuoMB0t4,-6.2430038,53.3494033
ChIJ89K4254IZ0gRcHO2nOF53EM,-6.1501944,53.2939427
ChIJYyYBwAfrEowRFAStzbRAX_g,-61.7755719,17.009539
ChIJDTtAm5EOZ0gRXUNPYRM3MJ4,-6.2472728,53.3434205
ChIJbWVlipMJZ0gRha8Pan6gD24,-6.1939256,53.2742525
ChIJD3AHvJsOZ0gRgGSmU4UYJt4,-6.2582865,53.3419255
ChIJlxiTAa4NZ0gRG5iz7G-2L0s,-6.3734788,53.3857744
ChIJCwHJKKkOZ0gRdG0Z1OmW-JI,-6.2563669,53.3210561
ChIJm_2pQgFzZ0gRRMrMciEREN4,-6.4063597,53.3483402
ChIJy1nLJfd1YUgRLYKtK2NBiTU,-5.6572123,54.6478329
ChIJE2myDRoJZ0gRQbjvEo7V-tM,-6.2164703,53.3097807
ChIJkeSG4oIOZ0gR_wPxNdF0ynM,-6.2652304,53.3471045
ChIJ_dDlAIl0Z0gRiL-nEO8Xels,-6.4208322,53.2907159
ChIJTVQtKZ4OZ0gRu7Pi8eaKYqQ,-6.2660684,53.337502
ChIJe9jxMagPZ0gRDcFKdyrLkJo,-6.2643576,53.3423723
ChIJFXcqpJEOZ0gRYu0Hh_zT4AQ,-6.249242,53.3436981
ChIJuY7UtoBtZ0gRDkaJQq782GU,-6.3645326,53.3840855
ChIJ5Q3BCSwNZ0gR3WlYV0gv3X4,-6.2708769,53.3507315
ChIJa1jqaJoOZ0gRnXL5bRWOWMY,-6.2550771,53.3421956
ChIJPzA162JcW0gRXAKDRI0j05k,-8.6343458,52.6578546
ChIJm3wSOCwPZ0gRx6s1rz5oYig,-6.2641331,53.348187
ChIJe3I19evxeUgRqyegGWCgl5w,-1.4788426,52.9225891
ChIJ2Wq2A00PZ0gRGt7SKDO6syU,-6.2642006,53.3506426
ChIJL_5TYF0PZ0gRdZvtt6xfmCQ,-6.2070861,53.360396
ChIJ31lATYUOZ0gRhO0SRpEYV4Q,-6.2552699,53.3458473
